"","Sunrise","Sunset","date"
"1","8:08","16:25","2019-01-01"
"2","8:08","16:26","2019-01-02"
"3","8:07","16:27","2019-01-03"
"4","8:07","16:28","2019-01-04"
"5","8:07","16:29","2019-01-05"
"6","8:07","16:30","2019-01-06"
"7","8:07","16:31","2019-01-07"
"8","8:06","16:33","2019-01-08"
"9","8:06","16:34","2019-01-09"
"10","8:05","16:35","2019-01-10"
"11","8:05","16:36","2019-01-11"
"12","8:04","16:38","2019-01-12"
"13","8:04","16:39","2019-01-13"
"14","8:03","16:41","2019-01-14"
"15","8:02","16:42","2019-01-15"
"16","8:01","16:44","2019-01-16"
"17","8:01","16:45","2019-01-17"
"18","8:00","16:46","2019-01-18"
"19","7:59","16:48","2019-01-19"
"20","7:58","16:50","2019-01-20"
"21","7:57","16:51","2019-01-21"
"22","7:56","16:53","2019-01-22"
"23","7:55","16:54","2019-01-23"
"24","7:54","16:56","2019-01-24"
"25","7:53","16:57","2019-01-25"
"26","7:52","16:59","2019-01-26"
"27","7:50","17:01","2019-01-27"
"28","7:49","17:02","2019-01-28"
"29","7:48","17:04","2019-01-29"
"30","7:46","17:06","2019-01-30"
"31","7:45","17:07","2019-01-31"
"32","7:44","17:09","2019-02-01"
"33","7:42","17:11","2019-02-02"
"34","7:41","17:12","2019-02-03"
"35","7:39","17:14","2019-02-04"
"36","7:38","17:16","2019-02-05"
"37","7:36","17:17","2019-02-06"
"38","7:35","17:19","2019-02-07"
"39","7:33","17:21","2019-02-08"
"40","7:32","17:22","2019-02-09"
"41","7:30","17:24","2019-02-10"
"42","7:28","17:26","2019-02-11"
"43","7:27","17:27","2019-02-12"
"44","7:25","17:29","2019-02-13"
"45","7:23","17:31","2019-02-14"
"46","7:21","17:32","2019-02-15"
"47","7:20","17:34","2019-02-16"
"48","7:18","17:36","2019-02-17"
"49","7:16","17:37","2019-02-18"
"50","7:14","17:39","2019-02-19"
"51","7:12","17:41","2019-02-20"
"52","7:10","17:42","2019-02-21"
"53","7:09","17:44","2019-02-22"
"54","7:07","17:46","2019-02-23"
"55","7:05","17:47","2019-02-24"
"56","7:03","17:49","2019-02-25"
"57","7:01","17:51","2019-02-26"
"58","6:59","17:52","2019-02-27"
"59","6:57","17:54","2019-02-28"
"60","6:55","17:55","2019-03-01"
"61","6:53","17:57","2019-03-02"
"62","6:51","17:59","2019-03-03"
"63","6:49","18:00","2019-03-04"
"64","6:47","18:02","2019-03-05"
"65","6:45","18:04","2019-03-06"
"66","6:43","18:05","2019-03-07"
"67","6:41","18:07","2019-03-08"
"68","6:39","18:08","2019-03-09"
"69","6:36","18:10","2019-03-10"
"70","6:34","18:11","2019-03-11"
"71","6:32","18:13","2019-03-12"
"72","6:30","18:15","2019-03-13"
"73","6:28","18:16","2019-03-14"
"74","6:26","18:18","2019-03-15"
"75","6:24","18:19","2019-03-16"
"76","6:22","18:21","2019-03-17"
"77","6:20","18:22","2019-03-18"
"78","6:17","18:24","2019-03-19"
"79","6:15","18:25","2019-03-20"
"80","6:13","18:27","2019-03-21"
"81","6:11","18:29","2019-03-22"
"82","6:09","18:30","2019-03-23"
"83","6:07","18:32","2019-03-24"
"84","6:05","18:33","2019-03-25"
"85","6:03","18:35","2019-03-26"
"86","6:00","18:36","2019-03-27"
"87","5:58","18:38","2019-03-28"
"88","5:56","18:39","2019-03-29"
"89","5:54","18:41","2019-03-30"
"90","5:52","18:42","2019-03-31"
"91","5:50","18:44","2019-04-01"
"92","5:48","18:45","2019-04-02"
"93","5:46","18:47","2019-04-03"
"94","5:44","18:48","2019-04-04"
"95","5:41","18:50","2019-04-05"
"96","5:39","18:51","2019-04-06"
"97","5:37","18:53","2019-04-07"
"98","5:35","18:54","2019-04-08"
"99","5:33","18:56","2019-04-09"
"100","5:31","18:57","2019-04-10"
"101","5:29","18:59","2019-04-11"
"102","5:27","19:00","2019-04-12"
"103","5:25","19:02","2019-04-13"
"104","5:23","19:04","2019-04-14"
"105","5:21","19:05","2019-04-15"
"106","5:19","19:07","2019-04-16"
"107","5:17","19:08","2019-04-17"
"108","5:15","19:10","2019-04-18"
"109","5:13","19:11","2019-04-19"
"110","5:11","19:13","2019-04-20"
"111","5:09","19:14","2019-04-21"
"112","5:07","19:16","2019-04-22"
"113","5:05","19:17","2019-04-23"
"114","5:04","19:19","2019-04-24"
"115","5:02","19:20","2019-04-25"
"116","5:00","19:22","2019-04-26"
"117","4:58","19:23","2019-04-27"
"118","4:56","19:25","2019-04-28"
"119","4:55","19:26","2019-04-29"
"120","4:53","19:28","2019-04-30"
"121","4:51","19:29","2019-05-01"
"122","4:49","19:31","2019-05-02"
"123","4:48","19:32","2019-05-03"
"124","4:46","19:34","2019-05-04"
"125","4:44","19:35","2019-05-05"
"126","4:43","19:36","2019-05-06"
"127","4:41","19:38","2019-05-07"
"128","4:40","19:39","2019-05-08"
"129","4:38","19:41","2019-05-09"
"130","4:37","19:42","2019-05-10"
"131","4:35","19:44","2019-05-11"
"132","4:34","19:45","2019-05-12"
"133","4:32","19:46","2019-05-13"
"134","4:31","19:48","2019-05-14"
"135","4:29","19:49","2019-05-15"
"136","4:28","19:51","2019-05-16"
"137","4:27","19:52","2019-05-17"
"138","4:26","19:53","2019-05-18"
"139","4:24","19:54","2019-05-19"
"140","4:23","19:56","2019-05-20"
"141","4:22","19:57","2019-05-21"
"142","4:21","19:58","2019-05-22"
"143","4:20","20:00","2019-05-23"
"144","4:19","20:01","2019-05-24"
"145","4:18","20:02","2019-05-25"
"146","4:17","20:03","2019-05-26"
"147","4:16","20:04","2019-05-27"
"148","4:15","20:05","2019-05-28"
"149","4:14","20:06","2019-05-29"
"150","4:13","20:07","2019-05-30"
"151","4:13","20:08","2019-05-31"
"152","4:12","20:09","2019-06-01"
"153","4:11","20:10","2019-06-02"
"154","4:11","20:11","2019-06-03"
"155","4:10","20:12","2019-06-04"
"156","4:09","20:13","2019-06-05"
"157","4:09","20:14","2019-06-06"
"158","4:08","20:15","2019-06-07"
"159","4:08","20:15","2019-06-08"
"160","4:08","20:16","2019-06-09"
"161","4:07","20:17","2019-06-10"
"162","4:07","20:18","2019-06-11"
"163","4:07","20:18","2019-06-12"
"164","4:07","20:19","2019-06-13"
"165","4:07","20:19","2019-06-14"
"166","4:07","20:20","2019-06-15"
"167","4:06","20:20","2019-06-16"
"168","4:06","20:21","2019-06-17"
"169","4:07","20:21","2019-06-18"
"170","4:07","20:21","2019-06-19"
"171","4:07","20:21","2019-06-20"
"172","4:07","20:22","2019-06-21"
"173","4:07","20:22","2019-06-22"
"174","4:07","20:22","2019-06-23"
"175","4:08","20:22","2019-06-24"
"176","4:08","20:22","2019-06-25"
"177","4:09","20:22","2019-06-26"
"178","4:09","20:22","2019-06-27"
"179","4:10","20:22","2019-06-28"
"180","4:10","20:22","2019-06-29"
"181","4:11","20:22","2019-06-30"
"182","4:11","20:21","2019-07-01"
"183","4:12","20:21","2019-07-02"
"184","4:13","20:21","2019-07-03"
"185","4:13","20:20","2019-07-04"
"186","4:14","20:20","2019-07-05"
"187","4:15","20:19","2019-07-06"
"188","4:16","20:19","2019-07-07"
"189","4:16","20:18","2019-07-08"
"190","4:17","20:18","2019-07-09"
"191","4:18","20:17","2019-07-10"
"192","4:19","20:16","2019-07-11"
"193","4:20","20:16","2019-07-12"
"194","4:21","20:15","2019-07-13"
"195","4:22","20:14","2019-07-14"
"196","4:23","20:13","2019-07-15"
"197","4:24","20:12","2019-07-16"
"198","4:26","20:11","2019-07-17"
"199","4:27","20:10","2019-07-18"
"200","4:28","20:09","2019-07-19"
"201","4:29","20:08","2019-07-20"
"202","4:30","20:07","2019-07-21"
"203","4:31","20:06","2019-07-22"
"204","4:33","20:05","2019-07-23"
"205","4:34","20:03","2019-07-24"
"206","4:35","20:02","2019-07-25"
"207","4:36","20:01","2019-07-26"
"208","4:38","20:00","2019-07-27"
"209","4:39","19:58","2019-07-28"
"210","4:40","19:57","2019-07-29"
"211","4:42","19:55","2019-07-30"
"212","4:43","19:54","2019-07-31"
"213","4:44","19:52","2019-08-01"
"214","4:46","19:51","2019-08-02"
"215","4:47","19:49","2019-08-03"
"216","4:48","19:48","2019-08-04"
"217","4:50","19:46","2019-08-05"
"218","4:51","19:45","2019-08-06"
"219","4:53","19:43","2019-08-07"
"220","4:54","19:41","2019-08-08"
"221","4:55","19:40","2019-08-09"
"222","4:57","19:38","2019-08-10"
"223","4:58","19:36","2019-08-11"
"224","5:00","19:34","2019-08-12"
"225","5:01","19:33","2019-08-13"
"226","5:03","19:31","2019-08-14"
"227","5:04","19:29","2019-08-15"
"228","5:05","19:27","2019-08-16"
"229","5:07","19:25","2019-08-17"
"230","5:08","19:23","2019-08-18"
"231","5:10","19:22","2019-08-19"
"232","5:11","19:20","2019-08-20"
"233","5:13","19:18","2019-08-21"
"234","5:14","19:16","2019-08-22"
"235","5:15","19:14","2019-08-23"
"236","5:17","19:12","2019-08-24"
"237","5:18","19:10","2019-08-25"
"238","5:20","19:08","2019-08-26"
"239","5:21","19:06","2019-08-27"
"240","5:23","19:04","2019-08-28"
"241","5:24","19:02","2019-08-29"
"242","5:26","19:00","2019-08-30"
"243","5:27","18:58","2019-08-31"
"244","5:28","18:56","2019-09-01"
"245","5:30","18:53","2019-09-02"
"246","5:31","18:51","2019-09-03"
"247","5:33","18:49","2019-09-04"
"248","5:34","18:47","2019-09-05"
"249","5:36","18:45","2019-09-06"
"250","5:37","18:43","2019-09-07"
"251","5:39","18:41","2019-09-08"
"252","5:40","18:39","2019-09-09"
"253","5:41","18:37","2019-09-10"
"254","5:43","18:34","2019-09-11"
"255","5:44","18:32","2019-09-12"
"256","5:46","18:30","2019-09-13"
"257","5:47","18:28","2019-09-14"
"258","5:49","18:26","2019-09-15"
"259","5:50","18:24","2019-09-16"
"260","5:52","18:22","2019-09-17"
"261","5:53","18:19","2019-09-18"
"262","5:54","18:17","2019-09-19"
"263","5:56","18:15","2019-09-20"
"264","5:57","18:13","2019-09-21"
"265","5:59","18:11","2019-09-22"
"266","6:00","18:09","2019-09-23"
"267","6:02","18:06","2019-09-24"
"268","6:03","18:04","2019-09-25"
"269","6:05","18:02","2019-09-26"
"270","6:06","18:00","2019-09-27"
"271","6:08","17:58","2019-09-28"
"272","6:09","17:56","2019-09-29"
"273","6:11","17:54","2019-09-30"
"274","6:12","17:51","2019-10-01"
"275","6:13","17:49","2019-10-02"
"276","6:15","17:47","2019-10-03"
"277","6:16","17:45","2019-10-04"
"278","6:18","17:43","2019-10-05"
"279","6:19","17:41","2019-10-06"
"280","6:21","17:39","2019-10-07"
"281","6:23","17:37","2019-10-08"
"282","6:24","17:35","2019-10-09"
"283","6:26","17:33","2019-10-10"
"284","6:27","17:31","2019-10-11"
"285","6:29","17:29","2019-10-12"
"286","6:30","17:27","2019-10-13"
"287","6:32","17:25","2019-10-14"
"288","6:33","17:23","2019-10-15"
"289","6:35","17:21","2019-10-16"
"290","6:36","17:19","2019-10-17"
"291","6:38","17:17","2019-10-18"
"292","6:39","17:15","2019-10-19"
"293","6:41","17:13","2019-10-20"
"294","6:43","17:11","2019-10-21"
"295","6:44","17:09","2019-10-22"
"296","6:46","17:07","2019-10-23"
"297","6:47","17:05","2019-10-24"
"298","6:49","17:04","2019-10-25"
"299","6:51","17:02","2019-10-26"
"300","6:52","17:00","2019-10-27"
"301","6:54","16:58","2019-10-28"
"302","6:55","16:56","2019-10-29"
"303","6:57","16:55","2019-10-30"
"304","6:59","16:53","2019-10-31"
"305","7:00","16:51","2019-11-01"
"306","7:02","16:50","2019-11-02"
"307","7:04","16:48","2019-11-03"
"308","7:05","16:46","2019-11-04"
"309","7:07","16:45","2019-11-05"
"310","7:08","16:43","2019-11-06"
"311","7:10","16:42","2019-11-07"
"312","7:12","16:40","2019-11-08"
"313","7:13","16:39","2019-11-09"
"314","7:15","16:38","2019-11-10"
"315","7:16","16:36","2019-11-11"
"316","7:18","16:35","2019-11-12"
"317","7:20","16:34","2019-11-13"
"318","7:21","16:32","2019-11-14"
"319","7:23","16:31","2019-11-15"
"320","7:24","16:30","2019-11-16"
"321","7:26","16:29","2019-11-17"
"322","7:27","16:27","2019-11-18"
"323","7:29","16:26","2019-11-19"
"324","7:31","16:25","2019-11-20"
"325","7:32","16:24","2019-11-21"
"326","7:34","16:23","2019-11-22"
"327","7:35","16:22","2019-11-23"
"328","7:36","16:22","2019-11-24"
"329","7:38","16:21","2019-11-25"
"330","7:39","16:20","2019-11-26"
"331","7:41","16:19","2019-11-27"
"332","7:42","16:19","2019-11-28"
"333","7:43","16:18","2019-11-29"
"334","7:45","16:17","2019-11-30"
"335","7:46","16:17","2019-12-01"
"336","7:47","16:16","2019-12-02"
"337","7:49","16:16","2019-12-03"
"338","7:50","16:15","2019-12-04"
"339","7:51","16:15","2019-12-05"
"340","7:52","16:15","2019-12-06"
"341","7:53","16:14","2019-12-07"
"342","7:54","16:14","2019-12-08"
"343","7:56","16:14","2019-12-09"
"344","7:57","16:14","2019-12-10"
"345","7:58","16:14","2019-12-11"
"346","7:58","16:14","2019-12-12"
"347","7:59","16:14","2019-12-13"
"348","8:00","16:14","2019-12-14"
"349","8:01","16:14","2019-12-15"
"350","8:02","16:14","2019-12-16"
"351","8:03","16:15","2019-12-17"
"352","8:03","16:15","2019-12-18"
"353","8:04","16:15","2019-12-19"
"354","8:04","16:16","2019-12-20"
"355","8:05","16:16","2019-12-21"
"356","8:05","16:17","2019-12-22"
"357","8:06","16:17","2019-12-23"
"358","8:06","16:18","2019-12-24"
"359","8:07","16:19","2019-12-25"
"360","8:07","16:19","2019-12-26"
"361","8:07","16:20","2019-12-27"
"362","8:07","16:21","2019-12-28"
"363","8:08","16:22","2019-12-29"
"364","8:08","16:23","2019-12-30"
"365","8:08","16:23","2019-12-31"
"366","8:08","16:25","2018-01-01"
"367","8:08","16:26","2018-01-02"
"368","8:07","16:27","2018-01-03"
"369","8:07","16:28","2018-01-04"
"370","8:07","16:29","2018-01-05"
"371","8:07","16:30","2018-01-06"
"372","8:06","16:32","2018-01-07"
"373","8:06","16:33","2018-01-08"
"374","8:06","16:34","2018-01-09"
"375","8:05","16:35","2018-01-10"
"376","8:05","16:37","2018-01-11"
"377","8:04","16:38","2018-01-12"
"378","8:03","16:40","2018-01-13"
"379","8:03","16:41","2018-01-14"
"380","8:02","16:42","2018-01-15"
"381","8:01","16:44","2018-01-16"
"382","8:00","16:45","2018-01-17"
"383","8:00","16:47","2018-01-18"
"384","7:59","16:48","2018-01-19"
"385","7:58","16:50","2018-01-20"
"386","7:57","16:51","2018-01-21"
"387","7:56","16:53","2018-01-22"
"388","7:55","16:55","2018-01-23"
"389","7:54","16:56","2018-01-24"
"390","7:52","16:58","2018-01-25"
"391","7:51","16:59","2018-01-26"
"392","7:50","17:01","2018-01-27"
"393","7:49","17:03","2018-01-28"
"394","7:47","17:04","2018-01-29"
"395","7:46","17:06","2018-01-30"
"396","7:45","17:08","2018-01-31"
"397","7:43","17:09","2018-02-01"
"398","7:42","17:11","2018-02-02"
"399","7:41","17:13","2018-02-03"
"400","7:39","17:14","2018-02-04"
"401","7:38","17:16","2018-02-05"
"402","7:36","17:18","2018-02-06"
"403","7:34","17:19","2018-02-07"
"404","7:33","17:21","2018-02-08"
"405","7:31","17:23","2018-02-09"
"406","7:30","17:24","2018-02-10"
"407","7:28","17:26","2018-02-11"
"408","7:26","17:28","2018-02-12"
"409","7:24","17:29","2018-02-13"
"410","7:23","17:31","2018-02-14"
"411","7:21","17:33","2018-02-15"
"412","7:19","17:35","2018-02-16"
"413","7:17","17:36","2018-02-17"
"414","7:16","17:38","2018-02-18"
"415","7:14","17:40","2018-02-19"
"416","7:12","17:41","2018-02-20"
"417","7:10","17:43","2018-02-21"
"418","7:08","17:44","2018-02-22"
"419","7:06","17:46","2018-02-23"
"420","7:04","17:48","2018-02-24"
"421","7:02","17:49","2018-02-25"
"422","7:00","17:51","2018-02-26"
"423","6:58","17:53","2018-02-27"
"424","6:56","17:54","2018-02-28"
"425","6:54","17:56","2018-03-01"
"426","6:52","17:58","2018-03-02"
"427","6:50","17:59","2018-03-03"
"428","6:48","18:01","2018-03-04"
"429","6:46","18:02","2018-03-05"
"430","6:44","18:04","2018-03-06"
"431","6:42","18:05","2018-03-07"
"432","6:40","18:07","2018-03-08"
"433","6:38","18:09","2018-03-09"
"434","6:36","18:10","2018-03-10"
"435","6:34","18:12","2018-03-11"
"436","6:32","18:13","2018-03-12"
"437","6:30","18:15","2018-03-13"
"438","6:28","18:16","2018-03-14"
"439","6:25","18:18","2018-03-15"
"440","6:23","18:20","2018-03-16"
"441","6:21","18:21","2018-03-17"
"442","6:19","18:23","2018-03-18"
"443","6:17","18:24","2018-03-19"
"444","6:15","18:26","2018-03-20"
"445","6:13","18:27","2018-03-21"
"446","6:11","18:29","2018-03-22"
"447","6:08","18:30","2018-03-23"
"448","6:06","18:32","2018-03-24"
"449","6:04","18:33","2018-03-25"
"450","6:02","18:35","2018-03-26"
"451","6:00","18:37","2018-03-27"
"452","5:58","18:38","2018-03-28"
"453","5:56","18:40","2018-03-29"
"454","5:54","18:41","2018-03-30"
"455","5:51","18:43","2018-03-31"
"456","5:49","18:44","2018-04-01"
"457","5:47","18:46","2018-04-02"
"458","5:45","18:47","2018-04-03"
"459","5:43","18:49","2018-04-04"
"460","5:41","18:50","2018-04-05"
"461","5:39","18:52","2018-04-06"
"462","5:37","18:53","2018-04-07"
"463","5:35","18:55","2018-04-08"
"464","5:33","18:56","2018-04-09"
"465","5:31","18:58","2018-04-10"
"466","5:29","18:59","2018-04-11"
"467","5:27","19:01","2018-04-12"
"468","5:25","19:02","2018-04-13"
"469","5:23","19:04","2018-04-14"
"470","5:21","19:05","2018-04-15"
"471","5:19","19:07","2018-04-16"
"472","5:17","19:08","2018-04-17"
"473","5:15","19:10","2018-04-18"
"474","5:13","19:11","2018-04-19"
"475","5:11","19:13","2018-04-20"
"476","5:09","19:15","2018-04-21"
"477","5:07","19:16","2018-04-22"
"478","5:05","19:18","2018-04-23"
"479","5:03","19:19","2018-04-24"
"480","5:01","19:21","2018-04-25"
"481","4:59","19:22","2018-04-26"
"482","4:58","19:24","2018-04-27"
"483","4:56","19:25","2018-04-28"
"484","4:54","19:27","2018-04-29"
"485","4:52","19:28","2018-04-30"
"486","4:51","19:29","2018-05-01"
"487","4:49","19:31","2018-05-02"
"488","4:47","19:32","2018-05-03"
"489","4:46","19:34","2018-05-04"
"490","4:44","19:35","2018-05-05"
"491","4:42","19:37","2018-05-06"
"492","4:41","19:38","2018-05-07"
"493","4:39","19:40","2018-05-08"
"494","4:38","19:41","2018-05-09"
"495","4:36","19:43","2018-05-10"
"496","4:35","19:44","2018-05-11"
"497","4:33","19:45","2018-05-12"
"498","4:32","19:47","2018-05-13"
"499","4:30","19:48","2018-05-14"
"500","4:29","19:50","2018-05-15"
"501","4:28","19:51","2018-05-16"
"502","4:27","19:52","2018-05-17"
"503","4:25","19:54","2018-05-18"
"504","4:24","19:55","2018-05-19"
"505","4:23","19:56","2018-05-20"
"506","4:22","19:57","2018-05-21"
"507","4:21","19:59","2018-05-22"
"508","4:20","20:00","2018-05-23"
"509","4:19","20:01","2018-05-24"
"510","4:18","20:02","2018-05-25"
"511","4:17","20:03","2018-05-26"
"512","4:16","20:04","2018-05-27"
"513","4:15","20:06","2018-05-28"
"514","4:14","20:07","2018-05-29"
"515","4:13","20:08","2018-05-30"
"516","4:12","20:09","2018-05-31"
"517","4:12","20:10","2018-06-01"
"518","4:11","20:11","2018-06-02"
"519","4:10","20:12","2018-06-03"
"520","4:10","20:12","2018-06-04"
"521","4:09","20:13","2018-06-05"
"522","4:09","20:14","2018-06-06"
"523","4:08","20:15","2018-06-07"
"524","4:08","20:16","2018-06-08"
"525","4:08","20:16","2018-06-09"
"526","4:07","20:17","2018-06-10"
"527","4:07","20:18","2018-06-11"
"528","4:07","20:18","2018-06-12"
"529","4:07","20:19","2018-06-13"
"530","4:07","20:19","2018-06-14"
"531","4:07","20:20","2018-06-15"
"532","4:06","20:20","2018-06-16"
"533","4:06","20:21","2018-06-17"
"534","4:07","20:21","2018-06-18"
"535","4:07","20:21","2018-06-19"
"536","4:07","20:22","2018-06-20"
"537","4:07","20:22","2018-06-21"
"538","4:07","20:22","2018-06-22"
"539","4:08","20:22","2018-06-23"
"540","4:08","20:22","2018-06-24"
"541","4:08","20:22","2018-06-25"
"542","4:09","20:22","2018-06-26"
"543","4:09","20:22","2018-06-27"
"544","4:10","20:22","2018-06-28"
"545","4:10","20:22","2018-06-29"
"546","4:11","20:21","2018-06-30"
"547","4:11","20:21","2018-07-01"
"548","4:12","20:21","2018-07-02"
"549","4:13","20:21","2018-07-03"
"550","4:13","20:20","2018-07-04"
"551","4:14","20:20","2018-07-05"
"552","4:15","20:19","2018-07-06"
"553","4:16","20:19","2018-07-07"
"554","4:17","20:18","2018-07-08"
"555","4:18","20:17","2018-07-09"
"556","4:19","20:17","2018-07-10"
"557","4:19","20:16","2018-07-11"
"558","4:20","20:15","2018-07-12"
"559","4:21","20:15","2018-07-13"
"560","4:23","20:14","2018-07-14"
"561","4:24","20:13","2018-07-15"
"562","4:25","20:12","2018-07-16"
"563","4:26","20:11","2018-07-17"
"564","4:27","20:10","2018-07-18"
"565","4:28","20:09","2018-07-19"
"566","4:29","20:08","2018-07-20"
"567","4:30","20:07","2018-07-21"
"568","4:32","20:06","2018-07-22"
"569","4:33","20:04","2018-07-23"
"570","4:34","20:03","2018-07-24"
"571","4:35","20:02","2018-07-25"
"572","4:37","20:01","2018-07-26"
"573","4:38","19:59","2018-07-27"
"574","4:39","19:58","2018-07-28"
"575","4:41","19:56","2018-07-29"
"576","4:42","19:55","2018-07-30"
"577","4:43","19:54","2018-07-31"
"578","4:45","19:52","2018-08-01"
"579","4:46","19:51","2018-08-02"
"580","4:47","19:49","2018-08-03"
"581","4:49","19:47","2018-08-04"
"582","4:50","19:46","2018-08-05"
"583","4:52","19:44","2018-08-06"
"584","4:53","19:43","2018-08-07"
"585","4:54","19:41","2018-08-08"
"586","4:56","19:39","2018-08-09"
"587","4:57","19:37","2018-08-10"
"588","4:59","19:36","2018-08-11"
"589","5:00","19:34","2018-08-12"
"590","5:01","19:32","2018-08-13"
"591","5:03","19:30","2018-08-14"
"592","5:04","19:29","2018-08-15"
"593","5:06","19:27","2018-08-16"
"594","5:07","19:25","2018-08-17"
"595","5:09","19:23","2018-08-18"
"596","5:10","19:21","2018-08-19"
"597","5:11","19:19","2018-08-20"
"598","5:13","19:17","2018-08-21"
"599","5:14","19:15","2018-08-22"
"600","5:16","19:13","2018-08-23"
"601","5:17","19:11","2018-08-24"
"602","5:19","19:09","2018-08-25"
"603","5:20","19:07","2018-08-26"
"604","5:22","19:05","2018-08-27"
"605","5:23","19:03","2018-08-28"
"606","5:24","19:01","2018-08-29"
"607","5:26","18:59","2018-08-30"
"608","5:27","18:57","2018-08-31"
"609","5:29","18:55","2018-09-01"
"610","5:30","18:53","2018-09-02"
"611","5:32","18:51","2018-09-03"
"612","5:33","18:49","2018-09-04"
"613","5:35","18:47","2018-09-05"
"614","5:36","18:45","2018-09-06"
"615","5:37","18:42","2018-09-07"
"616","5:39","18:40","2018-09-08"
"617","5:40","18:38","2018-09-09"
"618","5:42","18:36","2018-09-10"
"619","5:43","18:34","2018-09-11"
"620","5:45","18:32","2018-09-12"
"621","5:46","18:30","2018-09-13"
"622","5:48","18:27","2018-09-14"
"623","5:49","18:25","2018-09-15"
"624","5:50","18:23","2018-09-16"
"625","5:52","18:21","2018-09-17"
"626","5:53","18:19","2018-09-18"
"627","5:55","18:17","2018-09-19"
"628","5:56","18:15","2018-09-20"
"629","5:58","18:12","2018-09-21"
"630","5:59","18:10","2018-09-22"
"631","6:01","18:08","2018-09-23"
"632","6:02","18:06","2018-09-24"
"633","6:04","18:04","2018-09-25"
"634","6:05","18:02","2018-09-26"
"635","6:06","17:59","2018-09-27"
"636","6:08","17:57","2018-09-28"
"637","6:09","17:55","2018-09-29"
"638","6:11","17:53","2018-09-30"
"639","6:12","17:51","2018-10-01"
"640","6:14","17:49","2018-10-02"
"641","6:15","17:47","2018-10-03"
"642","6:17","17:45","2018-10-04"
"643","6:18","17:43","2018-10-05"
"644","6:20","17:40","2018-10-06"
"645","6:21","17:38","2018-10-07"
"646","6:23","17:36","2018-10-08"
"647","6:24","17:34","2018-10-09"
"648","6:26","17:32","2018-10-10"
"649","6:27","17:30","2018-10-11"
"650","6:29","17:28","2018-10-12"
"651","6:31","17:26","2018-10-13"
"652","6:32","17:24","2018-10-14"
"653","6:34","17:22","2018-10-15"
"654","6:35","17:20","2018-10-16"
"655","6:37","17:18","2018-10-17"
"656","6:38","17:16","2018-10-18"
"657","6:40","17:14","2018-10-19"
"658","6:41","17:12","2018-10-20"
"659","6:43","17:10","2018-10-21"
"660","6:45","17:09","2018-10-22"
"661","6:46","17:07","2018-10-23"
"662","6:48","17:05","2018-10-24"
"663","6:49","17:03","2018-10-25"
"664","6:51","17:01","2018-10-26"
"665","6:53","16:59","2018-10-27"
"666","6:54","16:58","2018-10-28"
"667","6:56","16:56","2018-10-29"
"668","6:57","16:54","2018-10-30"
"669","6:59","16:53","2018-10-31"
"670","7:01","16:51","2018-11-01"
"671","7:02","16:49","2018-11-02"
"672","7:04","16:48","2018-11-03"
"673","7:06","16:46","2018-11-04"
"674","7:07","16:45","2018-11-05"
"675","7:09","16:43","2018-11-06"
"676","7:10","16:42","2018-11-07"
"677","7:12","16:40","2018-11-08"
"678","7:14","16:39","2018-11-09"
"679","7:15","16:37","2018-11-10"
"680","7:17","16:36","2018-11-11"
"681","7:18","16:34","2018-11-12"
"682","7:20","16:33","2018-11-13"
"683","7:22","16:32","2018-11-14"
"684","7:23","16:31","2018-11-15"
"685","7:25","16:30","2018-11-16"
"686","7:26","16:28","2018-11-17"
"687","7:28","16:27","2018-11-18"
"688","7:29","16:26","2018-11-19"
"689","7:31","16:25","2018-11-20"
"690","7:32","16:24","2018-11-21"
"691","7:34","16:23","2018-11-22"
"692","7:35","16:22","2018-11-23"
"693","7:37","16:21","2018-11-24"
"694","7:38","16:21","2018-11-25"
"695","7:40","16:20","2018-11-26"
"696","7:41","16:19","2018-11-27"
"697","7:42","16:18","2018-11-28"
"698","7:44","16:18","2018-11-29"
"699","7:45","16:17","2018-11-30"
"700","7:46","16:17","2018-12-01"
"701","7:48","16:16","2018-12-02"
"702","7:49","16:16","2018-12-03"
"703","7:50","16:15","2018-12-04"
"704","7:51","16:15","2018-12-05"
"705","7:53","16:15","2018-12-06"
"706","7:54","16:14","2018-12-07"
"707","7:55","16:14","2018-12-08"
"708","7:56","16:14","2018-12-09"
"709","7:57","16:14","2018-12-10"
"710","7:58","16:14","2018-12-11"
"711","7:59","16:14","2018-12-12"
"712","8:00","16:14","2018-12-13"
"713","8:00","16:14","2018-12-14"
"714","8:01","16:14","2018-12-15"
"715","8:02","16:14","2018-12-16"
"716","8:03","16:15","2018-12-17"
"717","8:03","16:15","2018-12-18"
"718","8:04","16:15","2018-12-19"
"719","8:05","16:16","2018-12-20"
"720","8:05","16:16","2018-12-21"
"721","8:06","16:17","2018-12-22"
"722","8:06","16:17","2018-12-23"
"723","8:06","16:18","2018-12-24"
"724","8:07","16:19","2018-12-25"
"725","8:07","16:19","2018-12-26"
"726","8:07","16:20","2018-12-27"
"727","8:07","16:21","2018-12-28"
"728","8:08","16:22","2018-12-29"
"729","8:08","16:23","2018-12-30"
"730","8:08","16:24","2018-12-31"
"731","8:08","16:25","2017-01-01"
"732","8:08","16:26","2017-01-02"
"733","8:07","16:27","2017-01-03"
"734","8:07","16:28","2017-01-04"
"735","8:07","16:30","2017-01-05"
"736","8:07","16:31","2017-01-06"
"737","8:06","16:32","2017-01-07"
"738","8:06","16:33","2017-01-08"
"739","8:05","16:34","2017-01-09"
"740","8:05","16:36","2017-01-10"
"741","8:04","16:37","2017-01-11"
"742","8:04","16:39","2017-01-12"
"743","8:03","16:40","2017-01-13"
"744","8:03","16:41","2017-01-14"
"745","8:02","16:43","2017-01-15"
"746","8:01","16:44","2017-01-16"
"747","8:00","16:46","2017-01-17"
"748","7:59","16:47","2017-01-18"
"749","7:58","16:49","2017-01-19"
"750","7:57","16:50","2017-01-20"
"751","7:56","16:52","2017-01-21"
"752","7:55","16:53","2017-01-22"
"753","7:54","16:55","2017-01-23"
"754","7:53","16:57","2017-01-24"
"755","7:52","16:58","2017-01-25"
"756","7:51","17:00","2017-01-26"
"757","7:50","17:01","2017-01-27"
"758","7:48","17:03","2017-01-28"
"759","7:47","17:05","2017-01-29"
"760","7:46","17:06","2017-01-30"
"761","7:44","17:08","2017-01-31"
"762","7:43","17:10","2017-02-01"
"763","7:42","17:11","2017-02-02"
"764","7:40","17:13","2017-02-03"
"765","7:39","17:15","2017-02-04"
"766","7:37","17:16","2017-02-05"
"767","7:36","17:18","2017-02-06"
"768","7:34","17:20","2017-02-07"
"769","7:32","17:22","2017-02-08"
"770","7:31","17:23","2017-02-09"
"771","7:29","17:25","2017-02-10"
"772","7:27","17:27","2017-02-11"
"773","7:26","17:28","2017-02-12"
"774","7:24","17:30","2017-02-13"
"775","7:22","17:32","2017-02-14"
"776","7:21","17:33","2017-02-15"
"777","7:19","17:35","2017-02-16"
"778","7:17","17:37","2017-02-17"
"779","7:15","17:38","2017-02-18"
"780","7:13","17:40","2017-02-19"
"781","7:11","17:42","2017-02-20"
"782","7:10","17:43","2017-02-21"
"783","7:08","17:45","2017-02-22"
"784","7:06","17:47","2017-02-23"
"785","7:04","17:48","2017-02-24"
"786","7:02","17:50","2017-02-25"
"787","7:00","17:51","2017-02-26"
"788","6:58","17:53","2017-02-27"
"789","6:56","17:55","2017-02-28"
"790","6:54","17:56","2017-03-01"
"791","6:52","17:58","2017-03-02"
"792","6:50","17:59","2017-03-03"
"793","6:48","18:01","2017-03-04"
"794","6:46","18:03","2017-03-05"
"795","6:44","18:04","2017-03-06"
"796","6:42","18:06","2017-03-07"
"797","6:40","18:07","2017-03-08"
"798","6:38","18:09","2017-03-09"
"799","6:35","18:11","2017-03-10"
"800","6:33","18:12","2017-03-11"
"801","6:31","18:14","2017-03-12"
"802","6:29","18:15","2017-03-13"
"803","6:27","18:17","2017-03-14"
"804","6:25","18:18","2017-03-15"
"805","6:23","18:20","2017-03-16"
"806","6:21","18:22","2017-03-17"
"807","6:19","18:23","2017-03-18"
"808","6:16","18:25","2017-03-19"
"809","6:14","18:26","2017-03-20"
"810","6:12","18:28","2017-03-21"
"811","6:10","18:29","2017-03-22"
"812","6:08","18:31","2017-03-23"
"813","6:06","18:32","2017-03-24"
"814","6:04","18:34","2017-03-25"
"815","6:02","18:35","2017-03-26"
"816","5:59","18:37","2017-03-27"
"817","5:57","18:38","2017-03-28"
"818","5:55","18:40","2017-03-29"
"819","5:53","18:41","2017-03-30"
"820","5:51","18:43","2017-03-31"
"821","5:49","18:45","2017-04-01"
"822","5:47","18:46","2017-04-02"
"823","5:45","18:48","2017-04-03"
"824","5:43","18:49","2017-04-04"
"825","5:40","18:51","2017-04-05"
"826","5:38","18:52","2017-04-06"
"827","5:36","18:54","2017-04-07"
"828","5:34","18:55","2017-04-08"
"829","5:32","18:57","2017-04-09"
"830","5:30","18:58","2017-04-10"
"831","5:28","19:00","2017-04-11"
"832","5:26","19:01","2017-04-12"
"833","5:24","19:03","2017-04-13"
"834","5:22","19:04","2017-04-14"
"835","5:20","19:06","2017-04-15"
"836","5:18","19:07","2017-04-16"
"837","5:16","19:09","2017-04-17"
"838","5:14","19:10","2017-04-18"
"839","5:12","19:12","2017-04-19"
"840","5:10","19:13","2017-04-20"
"841","5:08","19:15","2017-04-21"
"842","5:06","19:16","2017-04-22"
"843","5:05","19:18","2017-04-23"
"844","5:03","19:19","2017-04-24"
"845","5:01","19:21","2017-04-25"
"846","4:59","19:22","2017-04-26"
"847","4:57","19:24","2017-04-27"
"848","4:55","19:25","2017-04-28"
"849","4:54","19:27","2017-04-29"
"850","4:52","19:28","2017-04-30"
"851","4:50","19:30","2017-05-01"
"852","4:49","19:31","2017-05-02"
"853","4:47","19:33","2017-05-03"
"854","4:45","19:34","2017-05-04"
"855","4:44","19:36","2017-05-05"
"856","4:42","19:37","2017-05-06"
"857","4:40","19:39","2017-05-07"
"858","4:39","19:40","2017-05-08"
"859","4:37","19:41","2017-05-09"
"860","4:36","19:43","2017-05-10"
"861","4:34","19:44","2017-05-11"
"862","4:33","19:46","2017-05-12"
"863","4:32","19:47","2017-05-13"
"864","4:30","19:48","2017-05-14"
"865","4:29","19:50","2017-05-15"
"866","4:27","19:51","2017-05-16"
"867","4:26","19:52","2017-05-17"
"868","4:25","19:54","2017-05-18"
"869","4:24","19:55","2017-05-19"
"870","4:23","19:56","2017-05-20"
"871","4:21","19:58","2017-05-21"
"872","4:20","19:59","2017-05-22"
"873","4:19","20:00","2017-05-23"
"874","4:18","20:01","2017-05-24"
"875","4:17","20:02","2017-05-25"
"876","4:16","20:04","2017-05-26"
"877","4:15","20:05","2017-05-27"
"878","4:15","20:06","2017-05-28"
"879","4:14","20:07","2017-05-29"
"880","4:13","20:08","2017-05-30"
"881","4:12","20:09","2017-05-31"
"882","4:12","20:10","2017-06-01"
"883","4:11","20:11","2017-06-02"
"884","4:10","20:12","2017-06-03"
"885","4:10","20:13","2017-06-04"
"886","4:09","20:14","2017-06-05"
"887","4:09","20:14","2017-06-06"
"888","4:08","20:15","2017-06-07"
"889","4:08","20:16","2017-06-08"
"890","4:08","20:17","2017-06-09"
"891","4:07","20:17","2017-06-10"
"892","4:07","20:18","2017-06-11"
"893","4:07","20:18","2017-06-12"
"894","4:07","20:19","2017-06-13"
"895","4:07","20:19","2017-06-14"
"896","4:06","20:20","2017-06-15"
"897","4:06","20:20","2017-06-16"
"898","4:06","20:21","2017-06-17"
"899","4:07","20:21","2017-06-18"
"900","4:07","20:21","2017-06-19"
"901","4:07","20:22","2017-06-20"
"902","4:07","20:22","2017-06-21"
"903","4:07","20:22","2017-06-22"
"904","4:08","20:22","2017-06-23"
"905","4:08","20:22","2017-06-24"
"906","4:08","20:22","2017-06-25"
"907","4:09","20:22","2017-06-26"
"908","4:09","20:22","2017-06-27"
"909","4:10","20:22","2017-06-28"
"910","4:10","20:22","2017-06-29"
"911","4:11","20:21","2017-06-30"
"912","4:12","20:21","2017-07-01"
"913","4:12","20:21","2017-07-02"
"914","4:13","20:20","2017-07-03"
"915","4:14","20:20","2017-07-04"
"916","4:14","20:20","2017-07-05"
"917","4:15","20:19","2017-07-06"
"918","4:16","20:19","2017-07-07"
"919","4:17","20:18","2017-07-08"
"920","4:18","20:17","2017-07-09"
"921","4:19","20:17","2017-07-10"
"922","4:20","20:16","2017-07-11"
"923","4:21","20:15","2017-07-12"
"924","4:22","20:14","2017-07-13"
"925","4:23","20:13","2017-07-14"
"926","4:24","20:13","2017-07-15"
"927","4:25","20:12","2017-07-16"
"928","4:26","20:11","2017-07-17"
"929","4:27","20:10","2017-07-18"
"930","4:28","20:09","2017-07-19"
"931","4:30","20:08","2017-07-20"
"932","4:31","20:06","2017-07-21"
"933","4:32","20:05","2017-07-22"
"934","4:33","20:04","2017-07-23"
"935","4:34","20:03","2017-07-24"
"936","4:36","20:02","2017-07-25"
"937","4:37","20:00","2017-07-26"
"938","4:38","19:59","2017-07-27"
"939","4:40","19:58","2017-07-28"
"940","4:41","19:56","2017-07-29"
"941","4:42","19:55","2017-07-30"
"942","4:44","19:53","2017-07-31"
"943","4:45","19:52","2017-08-01"
"944","4:46","19:50","2017-08-02"
"945","4:48","19:49","2017-08-03"
"946","4:49","19:47","2017-08-04"
"947","4:51","19:45","2017-08-05"
"948","4:52","19:44","2017-08-06"
"949","4:53","19:42","2017-08-07"
"950","4:55","19:40","2017-08-08"
"951","4:56","19:39","2017-08-09"
"952","4:58","19:37","2017-08-10"
"953","4:59","19:35","2017-08-11"
"954","5:00","19:34","2017-08-12"
"955","5:02","19:32","2017-08-13"
"956","5:03","19:30","2017-08-14"
"957","5:05","19:28","2017-08-15"
"958","5:06","19:26","2017-08-16"
"959","5:08","19:24","2017-08-17"
"960","5:09","19:23","2017-08-18"
"961","5:10","19:21","2017-08-19"
"962","5:12","19:19","2017-08-20"
"963","5:13","19:17","2017-08-21"
"964","5:15","19:15","2017-08-22"
"965","5:16","19:13","2017-08-23"
"966","5:18","19:11","2017-08-24"
"967","5:19","19:09","2017-08-25"
"968","5:20","19:07","2017-08-26"
"969","5:22","19:05","2017-08-27"
"970","5:23","19:03","2017-08-28"
"971","5:25","19:01","2017-08-29"
"972","5:26","18:59","2017-08-30"
"973","5:28","18:57","2017-08-31"
"974","5:29","18:55","2017-09-01"
"975","5:31","18:52","2017-09-02"
"976","5:32","18:50","2017-09-03"
"977","5:33","18:48","2017-09-04"
"978","5:35","18:46","2017-09-05"
"979","5:36","18:44","2017-09-06"
"980","5:38","18:42","2017-09-07"
"981","5:39","18:40","2017-09-08"
"982","5:41","18:38","2017-09-09"
"983","5:42","18:36","2017-09-10"
"984","5:44","18:33","2017-09-11"
"985","5:45","18:31","2017-09-12"
"986","5:46","18:29","2017-09-13"
"987","5:48","18:27","2017-09-14"
"988","5:49","18:25","2017-09-15"
"989","5:51","18:23","2017-09-16"
"990","5:52","18:20","2017-09-17"
"991","5:54","18:18","2017-09-18"
"992","5:55","18:16","2017-09-19"
"993","5:57","18:14","2017-09-20"
"994","5:58","18:12","2017-09-21"
"995","5:59","18:10","2017-09-22"
"996","6:01","18:08","2017-09-23"
"997","6:02","18:05","2017-09-24"
"998","6:04","18:03","2017-09-25"
"999","6:05","18:01","2017-09-26"
"1000","6:07","17:59","2017-09-27"
"1001","6:08","17:57","2017-09-28"
"1002","6:10","17:55","2017-09-29"
"1003","6:11","17:53","2017-09-30"
"1004","6:13","17:50","2017-10-01"
"1005","6:14","17:48","2017-10-02"
"1006","6:16","17:46","2017-10-03"
"1007","6:17","17:44","2017-10-04"
"1008","6:19","17:42","2017-10-05"
"1009","6:20","17:40","2017-10-06"
"1010","6:22","17:38","2017-10-07"
"1011","6:23","17:36","2017-10-08"
"1012","6:25","17:34","2017-10-09"
"1013","6:26","17:32","2017-10-10"
"1014","6:28","17:30","2017-10-11"
"1015","6:29","17:28","2017-10-12"
"1016","6:31","17:26","2017-10-13"
"1017","6:32","17:24","2017-10-14"
"1018","6:34","17:22","2017-10-15"
"1019","6:36","17:20","2017-10-16"
"1020","6:37","17:18","2017-10-17"
"1021","6:39","17:16","2017-10-18"
"1022","6:40","17:14","2017-10-19"
"1023","6:42","17:12","2017-10-20"
"1024","6:43","17:10","2017-10-21"
"1025","6:45","17:08","2017-10-22"
"1026","6:47","17:06","2017-10-23"
"1027","6:48","17:04","2017-10-24"
"1028","6:50","17:03","2017-10-25"
"1029","6:51","17:01","2017-10-26"
"1030","6:53","16:59","2017-10-27"
"1031","6:55","16:57","2017-10-28"
"1032","6:56","16:56","2017-10-29"
"1033","6:58","16:54","2017-10-30"
"1034","6:59","16:52","2017-10-31"
"1035","7:01","16:51","2017-11-01"
"1036","7:03","16:49","2017-11-02"
"1037","7:04","16:47","2017-11-03"
"1038","7:06","16:46","2017-11-04"
"1039","7:08","16:44","2017-11-05"
"1040","7:09","16:43","2017-11-06"
"1041","7:11","16:41","2017-11-07"
"1042","7:12","16:40","2017-11-08"
"1043","7:14","16:38","2017-11-09"
"1044","7:16","16:37","2017-11-10"
"1045","7:17","16:36","2017-11-11"
"1046","7:19","16:34","2017-11-12"
"1047","7:20","16:33","2017-11-13"
"1048","7:22","16:32","2017-11-14"
"1049","7:24","16:30","2017-11-15"
"1050","7:25","16:29","2017-11-16"
"1051","7:27","16:28","2017-11-17"
"1052","7:28","16:27","2017-11-18"
"1053","7:30","16:26","2017-11-19"
"1054","7:31","16:25","2017-11-20"
"1055","7:33","16:24","2017-11-21"
"1056","7:34","16:23","2017-11-22"
"1057","7:36","16:22","2017-11-23"
"1058","7:37","16:21","2017-11-24"
"1059","7:39","16:20","2017-11-25"
"1060","7:40","16:20","2017-11-26"
"1061","7:41","16:19","2017-11-27"
"1062","7:43","16:18","2017-11-28"
"1063","7:44","16:18","2017-11-29"
"1064","7:45","16:17","2017-11-30"
"1065","7:47","16:16","2017-12-01"
"1066","7:48","16:16","2017-12-02"
"1067","7:49","16:16","2017-12-03"
"1068","7:50","16:15","2017-12-04"
"1069","7:52","16:15","2017-12-05"
"1070","7:53","16:15","2017-12-06"
"1071","7:54","16:14","2017-12-07"
"1072","7:55","16:14","2017-12-08"
"1073","7:56","16:14","2017-12-09"
"1074","7:57","16:14","2017-12-10"
"1075","7:58","16:14","2017-12-11"
"1076","7:59","16:14","2017-12-12"
"1077","8:00","16:14","2017-12-13"
"1078","8:01","16:14","2017-12-14"
"1079","8:01","16:14","2017-12-15"
"1080","8:02","16:15","2017-12-16"
"1081","8:03","16:15","2017-12-17"
"1082","8:04","16:15","2017-12-18"
"1083","8:04","16:16","2017-12-19"
"1084","8:05","16:16","2017-12-20"
"1085","8:05","16:16","2017-12-21"
"1086","8:06","16:17","2017-12-22"
"1087","8:06","16:18","2017-12-23"
"1088","8:07","16:18","2017-12-24"
"1089","8:07","16:19","2017-12-25"
"1090","8:07","16:20","2017-12-26"
"1091","8:07","16:20","2017-12-27"
"1092","8:07","16:21","2017-12-28"
"1093","8:08","16:22","2017-12-29"
"1094","8:08","16:23","2017-12-30"
"1095","8:08","16:24","2017-12-31"
"1096","8:08","16:24","2016-01-01"
"1097","8:08","16:25","2016-01-02"
"1098","8:08","16:26","2016-01-03"
"1099","8:07","16:28","2016-01-04"
"1100","8:07","16:29","2016-01-05"
"1101","8:07","16:30","2016-01-06"
"1102","8:07","16:31","2016-01-07"
"1103","8:06","16:32","2016-01-08"
"1104","8:06","16:34","2016-01-09"
"1105","8:05","16:35","2016-01-10"
"1106","8:05","16:36","2016-01-11"
"1107","8:04","16:37","2016-01-12"
"1108","8:04","16:39","2016-01-13"
"1109","8:03","16:40","2016-01-14"
"1110","8:02","16:42","2016-01-15"
"1111","8:02","16:43","2016-01-16"
"1112","8:01","16:45","2016-01-17"
"1113","8:00","16:46","2016-01-18"
"1114","7:59","16:48","2016-01-19"
"1115","7:58","16:49","2016-01-20"
"1116","7:57","16:51","2016-01-21"
"1117","7:56","16:52","2016-01-22"
"1118","7:55","16:54","2016-01-23"
"1119","7:54","16:55","2016-01-24"
"1120","7:53","16:57","2016-01-25"
"1121","7:52","16:59","2016-01-26"
"1122","7:51","17:00","2016-01-27"
"1123","7:49","17:02","2016-01-28"
"1124","7:48","17:04","2016-01-29"
"1125","7:47","17:05","2016-01-30"
"1126","7:45","17:07","2016-01-31"
"1127","7:44","17:09","2016-02-01"
"1128","7:43","17:10","2016-02-02"
"1129","7:41","17:12","2016-02-03"
"1130","7:40","17:14","2016-02-04"
"1131","7:38","17:15","2016-02-05"
"1132","7:37","17:17","2016-02-06"
"1133","7:35","17:19","2016-02-07"
"1134","7:34","17:20","2016-02-08"
"1135","7:32","17:22","2016-02-09"
"1136","7:30","17:24","2016-02-10"
"1137","7:29","17:25","2016-02-11"
"1138","7:27","17:27","2016-02-12"
"1139","7:25","17:29","2016-02-13"
"1140","7:24","17:30","2016-02-14"
"1141","7:22","17:32","2016-02-15"
"1142","7:20","17:34","2016-02-16"
"1143","7:18","17:35","2016-02-17"
"1144","7:17","17:37","2016-02-18"
"1145","7:15","17:39","2016-02-19"
"1146","7:13","17:40","2016-02-20"
"1147","7:11","17:42","2016-02-21"
"1148","7:09","17:44","2016-02-22"
"1149","7:07","17:45","2016-02-23"
"1150","7:05","17:47","2016-02-24"
"1151","7:03","17:49","2016-02-25"
"1152","7:01","17:50","2016-02-26"
"1153","6:59","17:52","2016-02-27"
"1154","6:57","17:53","2016-02-28"
"1155","6:55","17:55","2016-02-29"
"1156","6:53","17:57","2016-03-01"
"1157","6:51","17:58","2016-03-02"
"1158","6:49","18:00","2016-03-03"
"1159","6:47","18:01","2016-03-04"
"1160","6:45","18:03","2016-03-05"
"1161","6:43","18:05","2016-03-06"
"1162","6:41","18:06","2016-03-07"
"1163","6:39","18:08","2016-03-08"
"1164","6:37","18:09","2016-03-09"
"1165","6:35","18:11","2016-03-10"
"1166","6:33","18:13","2016-03-11"
"1167","6:31","18:14","2016-03-12"
"1168","6:29","18:16","2016-03-13"
"1169","6:27","18:17","2016-03-14"
"1170","6:24","18:19","2016-03-15"
"1171","6:22","18:20","2016-03-16"
"1172","6:20","18:22","2016-03-17"
"1173","6:18","18:23","2016-03-18"
"1174","6:16","18:25","2016-03-19"
"1175","6:14","18:27","2016-03-20"
"1176","6:12","18:28","2016-03-21"
"1177","6:10","18:30","2016-03-22"
"1178","6:07","18:31","2016-03-23"
"1179","6:05","18:33","2016-03-24"
"1180","6:03","18:34","2016-03-25"
"1181","6:01","18:36","2016-03-26"
"1182","5:59","18:37","2016-03-27"
"1183","5:57","18:39","2016-03-28"
"1184","5:55","18:40","2016-03-29"
"1185","5:53","18:42","2016-03-30"
"1186","5:50","18:43","2016-03-31"
"1187","5:48","18:45","2016-04-01"
"1188","5:46","18:46","2016-04-02"
"1189","5:44","18:48","2016-04-03"
"1190","5:42","18:49","2016-04-04"
"1191","5:40","18:51","2016-04-05"
"1192","5:38","18:52","2016-04-06"
"1193","5:36","18:54","2016-04-07"
"1194","5:34","18:56","2016-04-08"
"1195","5:32","18:57","2016-04-09"
"1196","5:30","18:59","2016-04-10"
"1197","5:28","19:00","2016-04-11"
"1198","5:26","19:02","2016-04-12"
"1199","5:24","19:03","2016-04-13"
"1200","5:22","19:05","2016-04-14"
"1201","5:20","19:06","2016-04-15"
"1202","5:18","19:08","2016-04-16"
"1203","5:16","19:09","2016-04-17"
"1204","5:14","19:11","2016-04-18"
"1205","5:12","19:12","2016-04-19"
"1206","5:10","19:14","2016-04-20"
"1207","5:08","19:15","2016-04-21"
"1208","5:06","19:17","2016-04-22"
"1209","5:04","19:18","2016-04-23"
"1210","5:02","19:20","2016-04-24"
"1211","5:00","19:21","2016-04-25"
"1212","4:59","19:23","2016-04-26"
"1213","4:57","19:24","2016-04-27"
"1214","4:55","19:26","2016-04-28"
"1215","4:53","19:27","2016-04-29"
"1216","4:52","19:29","2016-04-30"
"1217","4:50","19:30","2016-05-01"
"1218","4:48","19:32","2016-05-02"
"1219","4:46","19:33","2016-05-03"
"1220","4:45","19:35","2016-05-04"
"1221","4:43","19:36","2016-05-05"
"1222","4:42","19:38","2016-05-06"
"1223","4:40","19:39","2016-05-07"
"1224","4:38","19:40","2016-05-08"
"1225","4:37","19:42","2016-05-09"
"1226","4:35","19:43","2016-05-10"
"1227","4:34","19:45","2016-05-11"
"1228","4:33","19:46","2016-05-12"
"1229","4:31","19:47","2016-05-13"
"1230","4:30","19:49","2016-05-14"
"1231","4:28","19:50","2016-05-15"
"1232","4:27","19:51","2016-05-16"
"1233","4:26","19:53","2016-05-17"
"1234","4:25","19:54","2016-05-18"
"1235","4:23","19:55","2016-05-19"
"1236","4:22","19:57","2016-05-20"
"1237","4:21","19:58","2016-05-21"
"1238","4:20","19:59","2016-05-22"
"1239","4:19","20:00","2016-05-23"
"1240","4:18","20:02","2016-05-24"
"1241","4:17","20:03","2016-05-25"
"1242","4:16","20:04","2016-05-26"
"1243","4:15","20:05","2016-05-27"
"1244","4:14","20:06","2016-05-28"
"1245","4:14","20:07","2016-05-29"
"1246","4:13","20:08","2016-05-30"
"1247","4:12","20:09","2016-05-31"
"1248","4:11","20:10","2016-06-01"
"1249","4:11","20:11","2016-06-02"
"1250","4:10","20:12","2016-06-03"
"1251","4:10","20:13","2016-06-04"
"1252","4:09","20:14","2016-06-05"
"1253","4:09","20:15","2016-06-06"
"1254","4:08","20:15","2016-06-07"
"1255","4:08","20:16","2016-06-08"
"1256","4:07","20:17","2016-06-09"
"1257","4:07","20:17","2016-06-10"
"1258","4:07","20:18","2016-06-11"
"1259","4:07","20:19","2016-06-12"
"1260","4:07","20:19","2016-06-13"
"1261","4:07","20:20","2016-06-14"
"1262","4:06","20:20","2016-06-15"
"1263","4:06","20:20","2016-06-16"
"1264","4:07","20:21","2016-06-17"
"1265","4:07","20:21","2016-06-18"
"1266","4:07","20:21","2016-06-19"
"1267","4:07","20:22","2016-06-20"
"1268","4:07","20:22","2016-06-21"
"1269","4:07","20:22","2016-06-22"
"1270","4:08","20:22","2016-06-23"
"1271","4:08","20:22","2016-06-24"
"1272","4:08","20:22","2016-06-25"
"1273","4:09","20:22","2016-06-26"
"1274","4:09","20:22","2016-06-27"
"1275","4:10","20:22","2016-06-28"
"1276","4:10","20:22","2016-06-29"
"1277","4:11","20:21","2016-06-30"
"1278","4:12","20:21","2016-07-01"
"1279","4:12","20:21","2016-07-02"
"1280","4:13","20:20","2016-07-03"
"1281","4:14","20:20","2016-07-04"
"1282","4:15","20:19","2016-07-05"
"1283","4:15","20:19","2016-07-06"
"1284","4:16","20:18","2016-07-07"
"1285","4:17","20:18","2016-07-08"
"1286","4:18","20:17","2016-07-09"
"1287","4:19","20:16","2016-07-10"
"1288","4:20","20:16","2016-07-11"
"1289","4:21","20:15","2016-07-12"
"1290","4:22","20:14","2016-07-13"
"1291","4:23","20:13","2016-07-14"
"1292","4:24","20:12","2016-07-15"
"1293","4:25","20:11","2016-07-16"
"1294","4:26","20:10","2016-07-17"
"1295","4:27","20:09","2016-07-18"
"1296","4:29","20:08","2016-07-19"
"1297","4:30","20:07","2016-07-20"
"1298","4:31","20:06","2016-07-21"
"1299","4:32","20:05","2016-07-22"
"1300","4:34","20:04","2016-07-23"
"1301","4:35","20:02","2016-07-24"
"1302","4:36","20:01","2016-07-25"
"1303","4:37","20:00","2016-07-26"
"1304","4:39","19:59","2016-07-27"
"1305","4:40","19:57","2016-07-28"
"1306","4:41","19:56","2016-07-29"
"1307","4:43","19:54","2016-07-30"
"1308","4:44","19:53","2016-07-31"
"1309","4:45","19:51","2016-08-01"
"1310","4:47","19:50","2016-08-02"
"1311","4:48","19:48","2016-08-03"
"1312","4:49","19:47","2016-08-04"
"1313","4:51","19:45","2016-08-05"
"1314","4:52","19:43","2016-08-06"
"1315","4:54","19:42","2016-08-07"
"1316","4:55","19:40","2016-08-08"
"1317","4:56","19:38","2016-08-09"
"1318","4:58","19:37","2016-08-10"
"1319","4:59","19:35","2016-08-11"
"1320","5:01","19:33","2016-08-12"
"1321","5:02","19:31","2016-08-13"
"1322","5:04","19:29","2016-08-14"
"1323","5:05","19:28","2016-08-15"
"1324","5:06","19:26","2016-08-16"
"1325","5:08","19:24","2016-08-17"
"1326","5:09","19:22","2016-08-18"
"1327","5:11","19:20","2016-08-19"
"1328","5:12","19:18","2016-08-20"
"1329","5:14","19:16","2016-08-21"
"1330","5:15","19:14","2016-08-22"
"1331","5:17","19:12","2016-08-23"
"1332","5:18","19:10","2016-08-24"
"1333","5:19","19:08","2016-08-25"
"1334","5:21","19:06","2016-08-26"
"1335","5:22","19:04","2016-08-27"
"1336","5:24","19:02","2016-08-28"
"1337","5:25","19:00","2016-08-29"
"1338","5:27","18:58","2016-08-30"
"1339","5:28","18:56","2016-08-31"
"1340","5:29","18:54","2016-09-01"
"1341","5:31","18:52","2016-09-02"
"1342","5:32","18:50","2016-09-03"
"1343","5:34","18:48","2016-09-04"
"1344","5:35","18:46","2016-09-05"
"1345","5:37","18:44","2016-09-06"
"1346","5:38","18:41","2016-09-07"
"1347","5:40","18:39","2016-09-08"
"1348","5:41","18:37","2016-09-09"
"1349","5:42","18:35","2016-09-10"
"1350","5:44","18:33","2016-09-11"
"1351","5:45","18:31","2016-09-12"
"1352","5:47","18:29","2016-09-13"
"1353","5:48","18:26","2016-09-14"
"1354","5:50","18:24","2016-09-15"
"1355","5:51","18:22","2016-09-16"
"1356","5:53","18:20","2016-09-17"
"1357","5:54","18:18","2016-09-18"
"1358","5:55","18:16","2016-09-19"
"1359","5:57","18:13","2016-09-20"
"1360","5:58","18:11","2016-09-21"
"1361","6:00","18:09","2016-09-22"
"1362","6:01","18:07","2016-09-23"
"1363","6:03","18:05","2016-09-24"
"1364","6:04","18:03","2016-09-25"
"1365","6:06","18:01","2016-09-26"
"1366","6:07","17:58","2016-09-27"
"1367","6:09","17:56","2016-09-28"
"1368","6:10","17:54","2016-09-29"
"1369","6:12","17:52","2016-09-30"
"1370","6:13","17:50","2016-10-01"
"1371","6:15","17:48","2016-10-02"
"1372","6:16","17:46","2016-10-03"
"1373","6:18","17:44","2016-10-04"
"1374","6:19","17:42","2016-10-05"
"1375","6:21","17:39","2016-10-06"
"1376","6:22","17:37","2016-10-07"
"1377","6:24","17:35","2016-10-08"
"1378","6:25","17:33","2016-10-09"
"1379","6:27","17:31","2016-10-10"
"1380","6:28","17:29","2016-10-11"
"1381","6:30","17:27","2016-10-12"
"1382","6:31","17:25","2016-10-13"
"1383","6:33","17:23","2016-10-14"
"1384","6:34","17:21","2016-10-15"
"1385","6:36","17:19","2016-10-16"
"1386","6:37","17:17","2016-10-17"
"1387","6:39","17:15","2016-10-18"
"1388","6:41","17:13","2016-10-19"
"1389","6:42","17:11","2016-10-20"
"1390","6:44","17:10","2016-10-21"
"1391","6:45","17:08","2016-10-22"
"1392","6:47","17:06","2016-10-23"
"1393","6:49","17:04","2016-10-24"
"1394","6:50","17:02","2016-10-25"
"1395","6:52","17:00","2016-10-26"
"1396","6:53","16:59","2016-10-27"
"1397","6:55","16:57","2016-10-28"
"1398","6:57","16:55","2016-10-29"
"1399","6:58","16:53","2016-10-30"
"1400","7:00","16:52","2016-10-31"
"1401","7:01","16:50","2016-11-01"
"1402","7:03","16:49","2016-11-02"
"1403","7:05","16:47","2016-11-03"
"1404","7:06","16:45","2016-11-04"
"1405","7:08","16:44","2016-11-05"
"1406","7:10","16:42","2016-11-06"
"1407","7:11","16:41","2016-11-07"
"1408","7:13","16:39","2016-11-08"
"1409","7:14","16:38","2016-11-09"
"1410","7:16","16:37","2016-11-10"
"1411","7:18","16:35","2016-11-11"
"1412","7:19","16:34","2016-11-12"
"1413","7:21","16:33","2016-11-13"
"1414","7:22","16:31","2016-11-14"
"1415","7:24","16:30","2016-11-15"
"1416","7:25","16:29","2016-11-16"
"1417","7:27","16:28","2016-11-17"
"1418","7:29","16:27","2016-11-18"
"1419","7:30","16:26","2016-11-19"
"1420","7:32","16:25","2016-11-20"
"1421","7:33","16:24","2016-11-21"
"1422","7:35","16:23","2016-11-22"
"1423","7:36","16:22","2016-11-23"
"1424","7:38","16:21","2016-11-24"
"1425","7:39","16:20","2016-11-25"
"1426","7:40","16:19","2016-11-26"
"1427","7:42","16:19","2016-11-27"
"1428","7:43","16:18","2016-11-28"
"1429","7:44","16:17","2016-11-29"
"1430","7:46","16:17","2016-11-30"
"1431","7:47","16:16","2016-12-01"
"1432","7:48","16:16","2016-12-02"
"1433","7:50","16:15","2016-12-03"
"1434","7:51","16:15","2016-12-04"
"1435","7:52","16:15","2016-12-05"
"1436","7:53","16:14","2016-12-06"
"1437","7:54","16:14","2016-12-07"
"1438","7:55","16:14","2016-12-08"
"1439","7:56","16:14","2016-12-09"
"1440","7:57","16:14","2016-12-10"
"1441","7:58","16:14","2016-12-11"
"1442","7:59","16:14","2016-12-12"
"1443","8:00","16:14","2016-12-13"
"1444","8:01","16:14","2016-12-14"
"1445","8:02","16:14","2016-12-15"
"1446","8:02","16:15","2016-12-16"
"1447","8:03","16:15","2016-12-17"
"1448","8:04","16:15","2016-12-18"
"1449","8:04","16:16","2016-12-19"
"1450","8:05","16:16","2016-12-20"
"1451","8:05","16:17","2016-12-21"
"1452","8:06","16:17","2016-12-22"
"1453","8:06","16:18","2016-12-23"
"1454","8:07","16:18","2016-12-24"
"1455","8:07","16:19","2016-12-25"
"1456","8:07","16:20","2016-12-26"
"1457","8:07","16:21","2016-12-27"
"1458","8:08","16:21","2016-12-28"
"1459","8:08","16:22","2016-12-29"
"1460","8:08","16:23","2016-12-30"
"1461","8:08","16:24","2016-12-31"
"1462","8:08","16:25","2015-01-01"
"1463","8:08","16:26","2015-01-02"
"1464","8:08","16:27","2015-01-03"
"1465","8:07","16:28","2015-01-04"
"1466","8:07","16:29","2015-01-05"
"1467","8:07","16:30","2015-01-06"
"1468","8:07","16:31","2015-01-07"
"1469","8:06","16:33","2015-01-08"
"1470","8:06","16:34","2015-01-09"
"1471","8:05","16:35","2015-01-10"
"1472","8:05","16:36","2015-01-11"
"1473","8:04","16:38","2015-01-12"
"1474","8:04","16:39","2015-01-13"
"1475","8:03","16:41","2015-01-14"
"1476","8:02","16:42","2015-01-15"
"1477","8:01","16:43","2015-01-16"
"1478","8:01","16:45","2015-01-17"
"1479","8:00","16:46","2015-01-18"
"1480","7:59","16:48","2015-01-19"
"1481","7:58","16:50","2015-01-20"
"1482","7:57","16:51","2015-01-21"
"1483","7:56","16:53","2015-01-22"
"1484","7:55","16:54","2015-01-23"
"1485","7:54","16:56","2015-01-24"
"1486","7:53","16:57","2015-01-25"
"1487","7:52","16:59","2015-01-26"
"1488","7:50","17:01","2015-01-27"
"1489","7:49","17:02","2015-01-28"
"1490","7:48","17:04","2015-01-29"
"1491","7:47","17:06","2015-01-30"
"1492","7:45","17:07","2015-01-31"
"1493","7:44","17:09","2015-02-01"
"1494","7:42","17:11","2015-02-02"
"1495","7:41","17:12","2015-02-03"
"1496","7:39","17:14","2015-02-04"
"1497","7:38","17:16","2015-02-05"
"1498","7:36","17:17","2015-02-06"
"1499","7:35","17:19","2015-02-07"
"1500","7:33","17:21","2015-02-08"
"1501","7:32","17:22","2015-02-09"
"1502","7:30","17:24","2015-02-10"
"1503","7:28","17:26","2015-02-11"
"1504","7:27","17:27","2015-02-12"
"1505","7:25","17:29","2015-02-13"
"1506","7:23","17:31","2015-02-14"
"1507","7:21","17:32","2015-02-15"
"1508","7:20","17:34","2015-02-16"
"1509","7:18","17:36","2015-02-17"
"1510","7:16","17:37","2015-02-18"
"1511","7:14","17:39","2015-02-19"
"1512","7:12","17:41","2015-02-20"
"1513","7:11","17:42","2015-02-21"
"1514","7:09","17:44","2015-02-22"
"1515","7:07","17:46","2015-02-23"
"1516","7:05","17:47","2015-02-24"
"1517","7:03","17:49","2015-02-25"
"1518","7:01","17:51","2015-02-26"
"1519","6:59","17:52","2015-02-27"
"1520","6:57","17:54","2015-02-28"
"1521","6:55","17:55","2015-03-01"
"1522","6:53","17:57","2015-03-02"
"1523","6:51","17:59","2015-03-03"
"1524","6:49","18:00","2015-03-04"
"1525","6:47","18:02","2015-03-05"
"1526","6:45","18:03","2015-03-06"
"1527","6:43","18:05","2015-03-07"
"1528","6:41","18:07","2015-03-08"
"1529","6:39","18:08","2015-03-09"
"1530","6:37","18:10","2015-03-10"
"1531","6:34","18:11","2015-03-11"
"1532","6:32","18:13","2015-03-12"
"1533","6:30","18:15","2015-03-13"
"1534","6:28","18:16","2015-03-14"
"1535","6:26","18:18","2015-03-15"
"1536","6:24","18:19","2015-03-16"
"1537","6:22","18:21","2015-03-17"
"1538","6:20","18:22","2015-03-18"
"1539","6:18","18:24","2015-03-19"
"1540","6:15","18:25","2015-03-20"
"1541","6:13","18:27","2015-03-21"
"1542","6:11","18:28","2015-03-22"
"1543","6:09","18:30","2015-03-23"
"1544","6:07","18:32","2015-03-24"
"1545","6:05","18:33","2015-03-25"
"1546","6:03","18:35","2015-03-26"
"1547","6:01","18:36","2015-03-27"
"1548","5:58","18:38","2015-03-28"
"1549","5:56","18:39","2015-03-29"
"1550","5:54","18:41","2015-03-30"
"1551","5:52","18:42","2015-03-31"
"1552","5:50","18:44","2015-04-01"
"1553","5:48","18:45","2015-04-02"
"1554","5:46","18:47","2015-04-03"
"1555","5:44","18:48","2015-04-04"
"1556","5:42","18:50","2015-04-05"
"1557","5:39","18:51","2015-04-06"
"1558","5:37","18:53","2015-04-07"
"1559","5:35","18:54","2015-04-08"
"1560","5:33","18:56","2015-04-09"
"1561","5:31","18:57","2015-04-10"
"1562","5:29","18:59","2015-04-11"
"1563","5:27","19:00","2015-04-12"
"1564","5:25","19:02","2015-04-13"
"1565","5:23","19:03","2015-04-14"
"1566","5:21","19:05","2015-04-15"
"1567","5:19","19:07","2015-04-16"
"1568","5:17","19:08","2015-04-17"
"1569","5:15","19:10","2015-04-18"
"1570","5:13","19:11","2015-04-19"
"1571","5:11","19:13","2015-04-20"
"1572","5:09","19:14","2015-04-21"
"1573","5:07","19:16","2015-04-22"
"1574","5:06","19:17","2015-04-23"
"1575","5:04","19:19","2015-04-24"
"1576","5:02","19:20","2015-04-25"
"1577","5:00","19:22","2015-04-26"
"1578","4:58","19:23","2015-04-27"
"1579","4:56","19:25","2015-04-28"
"1580","4:55","19:26","2015-04-29"
"1581","4:53","19:28","2015-04-30"
"1582","4:51","19:29","2015-05-01"
"1583","4:49","19:31","2015-05-02"
"1584","4:48","19:32","2015-05-03"
"1585","4:46","19:34","2015-05-04"
"1586","4:44","19:35","2015-05-05"
"1587","4:43","19:36","2015-05-06"
"1588","4:41","19:38","2015-05-07"
"1589","4:40","19:39","2015-05-08"
"1590","4:38","19:41","2015-05-09"
"1591","4:37","19:42","2015-05-10"
"1592","4:35","19:44","2015-05-11"
"1593","4:34","19:45","2015-05-12"
"1594","4:32","19:46","2015-05-13"
"1595","4:31","19:48","2015-05-14"
"1596","4:29","19:49","2015-05-15"
"1597","4:28","19:50","2015-05-16"
"1598","4:27","19:52","2015-05-17"
"1599","4:26","19:53","2015-05-18"
"1600","4:24","19:54","2015-05-19"
"1601","4:23","19:56","2015-05-20"
"1602","4:22","19:57","2015-05-21"
"1603","4:21","19:58","2015-05-22"
"1604","4:20","19:59","2015-05-23"
"1605","4:19","20:01","2015-05-24"
"1606","4:18","20:02","2015-05-25"
"1607","4:17","20:03","2015-05-26"
"1608","4:16","20:04","2015-05-27"
"1609","4:15","20:05","2015-05-28"
"1610","4:14","20:06","2015-05-29"
"1611","4:13","20:07","2015-05-30"
"1612","4:13","20:08","2015-05-31"
"1613","4:12","20:09","2015-06-01"
"1614","4:11","20:10","2015-06-02"
"1615","4:11","20:11","2015-06-03"
"1616","4:10","20:12","2015-06-04"
"1617","4:09","20:13","2015-06-05"
"1618","4:09","20:14","2015-06-06"
"1619","4:08","20:15","2015-06-07"
"1620","4:08","20:15","2015-06-08"
"1621","4:08","20:16","2015-06-09"
"1622","4:07","20:17","2015-06-10"
"1623","4:07","20:18","2015-06-11"
"1624","4:07","20:18","2015-06-12"
"1625","4:07","20:19","2015-06-13"
"1626","4:07","20:19","2015-06-14"
"1627","4:06","20:20","2015-06-15"
"1628","4:06","20:20","2015-06-16"
"1629","4:06","20:21","2015-06-17"
"1630","4:07","20:21","2015-06-18"
"1631","4:07","20:21","2015-06-19"
"1632","4:07","20:21","2015-06-20"
"1633","4:07","20:22","2015-06-21"
"1634","4:07","20:22","2015-06-22"
"1635","4:07","20:22","2015-06-23"
"1636","4:08","20:22","2015-06-24"
"1637","4:08","20:22","2015-06-25"
"1638","4:09","20:22","2015-06-26"
"1639","4:09","20:22","2015-06-27"
"1640","4:09","20:22","2015-06-28"
"1641","4:10","20:22","2015-06-29"
"1642","4:11","20:22","2015-06-30"
"1643","4:11","20:21","2015-07-01"
"1644","4:12","20:21","2015-07-02"
"1645","4:12","20:21","2015-07-03"
"1646","4:13","20:20","2015-07-04"
"1647","4:14","20:20","2015-07-05"
"1648","4:15","20:19","2015-07-06"
"1649","4:16","20:19","2015-07-07"
"1650","4:16","20:18","2015-07-08"
"1651","4:17","20:18","2015-07-09"
"1652","4:18","20:17","2015-07-10"
"1653","4:19","20:16","2015-07-11"
"1654","4:20","20:16","2015-07-12"
"1655","4:21","20:15","2015-07-13"
"1656","4:22","20:14","2015-07-14"
"1657","4:23","20:13","2015-07-15"
"1658","4:24","20:12","2015-07-16"
"1659","4:25","20:11","2015-07-17"
"1660","4:27","20:10","2015-07-18"
"1661","4:28","20:09","2015-07-19"
"1662","4:29","20:08","2015-07-20"
"1663","4:30","20:07","2015-07-21"
"1664","4:31","20:06","2015-07-22"
"1665","4:33","20:05","2015-07-23"
"1666","4:34","20:03","2015-07-24"
"1667","4:35","20:02","2015-07-25"
"1668","4:36","20:01","2015-07-26"
"1669","4:38","20:00","2015-07-27"
"1670","4:39","19:58","2015-07-28"
"1671","4:40","19:57","2015-07-29"
"1672","4:42","19:55","2015-07-30"
"1673","4:43","19:54","2015-07-31"
"1674","4:44","19:52","2015-08-01"
"1675","4:46","19:51","2015-08-02"
"1676","4:47","19:49","2015-08-03"
"1677","4:48","19:48","2015-08-04"
"1678","4:50","19:46","2015-08-05"
"1679","4:51","19:45","2015-08-06"
"1680","4:53","19:43","2015-08-07"
"1681","4:54","19:41","2015-08-08"
"1682","4:55","19:40","2015-08-09"
"1683","4:57","19:38","2015-08-10"
"1684","4:58","19:36","2015-08-11"
"1685","5:00","19:34","2015-08-12"
"1686","5:01","19:33","2015-08-13"
"1687","5:02","19:31","2015-08-14"
"1688","5:04","19:29","2015-08-15"
"1689","5:05","19:27","2015-08-16"
"1690","5:07","19:25","2015-08-17"
"1691","5:08","19:23","2015-08-18"
"1692","5:10","19:22","2015-08-19"
"1693","5:11","19:20","2015-08-20"
"1694","5:13","19:18","2015-08-21"
"1695","5:14","19:16","2015-08-22"
"1696","5:15","19:14","2015-08-23"
"1697","5:17","19:12","2015-08-24"
"1698","5:18","19:10","2015-08-25"
"1699","5:20","19:08","2015-08-26"
"1700","5:21","19:06","2015-08-27"
"1701","5:23","19:04","2015-08-28"
"1702","5:24","19:02","2015-08-29"
"1703","5:26","19:00","2015-08-30"
"1704","5:27","18:58","2015-08-31"
"1705","5:28","18:56","2015-09-01"
"1706","5:30","18:54","2015-09-02"
"1707","5:31","18:51","2015-09-03"
"1708","5:33","18:49","2015-09-04"
"1709","5:34","18:47","2015-09-05"
"1710","5:36","18:45","2015-09-06"
"1711","5:37","18:43","2015-09-07"
"1712","5:38","18:41","2015-09-08"
"1713","5:40","18:39","2015-09-09"
"1714","5:41","18:37","2015-09-10"
"1715","5:43","18:35","2015-09-11"
"1716","5:44","18:32","2015-09-12"
"1717","5:46","18:30","2015-09-13"
"1718","5:47","18:28","2015-09-14"
"1719","5:49","18:26","2015-09-15"
"1720","5:50","18:24","2015-09-16"
"1721","5:51","18:22","2015-09-17"
"1722","5:53","18:19","2015-09-18"
"1723","5:54","18:17","2015-09-19"
"1724","5:56","18:15","2015-09-20"
"1725","5:57","18:13","2015-09-21"
"1726","5:59","18:11","2015-09-22"
"1727","6:00","18:09","2015-09-23"
"1728","6:02","18:07","2015-09-24"
"1729","6:03","18:04","2015-09-25"
"1730","6:05","18:02","2015-09-26"
"1731","6:06","18:00","2015-09-27"
"1732","6:08","17:58","2015-09-28"
"1733","6:09","17:56","2015-09-29"
"1734","6:10","17:54","2015-09-30"
"1735","6:12","17:52","2015-10-01"
"1736","6:13","17:49","2015-10-02"
"1737","6:15","17:47","2015-10-03"
"1738","6:16","17:45","2015-10-04"
"1739","6:18","17:43","2015-10-05"
"1740","6:19","17:41","2015-10-06"
"1741","6:21","17:39","2015-10-07"
"1742","6:22","17:37","2015-10-08"
"1743","6:24","17:35","2015-10-09"
"1744","6:25","17:33","2015-10-10"
"1745","6:27","17:31","2015-10-11"
"1746","6:29","17:29","2015-10-12"
"1747","6:30","17:27","2015-10-13"
"1748","6:32","17:25","2015-10-14"
"1749","6:33","17:23","2015-10-15"
"1750","6:35","17:21","2015-10-16"
"1751","6:36","17:19","2015-10-17"
"1752","6:38","17:17","2015-10-18"
"1753","6:39","17:15","2015-10-19"
"1754","6:41","17:13","2015-10-20"
"1755","6:43","17:11","2015-10-21"
"1756","6:44","17:09","2015-10-22"
"1757","6:46","17:07","2015-10-23"
"1758","6:47","17:05","2015-10-24"
"1759","6:49","17:04","2015-10-25"
"1760","6:51","17:02","2015-10-26"
"1761","6:52","17:00","2015-10-27"
"1762","6:54","16:58","2015-10-28"
"1763","6:55","16:56","2015-10-29"
"1764","6:57","16:55","2015-10-30"
"1765","6:59","16:53","2015-10-31"
"1766","7:00","16:51","2015-11-01"
"1767","7:02","16:50","2015-11-02"
"1768","7:03","16:48","2015-11-03"
"1769","7:05","16:47","2015-11-04"
"1770","7:07","16:45","2015-11-05"
"1771","7:08","16:43","2015-11-06"
"1772","7:10","16:42","2015-11-07"
"1773","7:12","16:40","2015-11-08"
"1774","7:13","16:39","2015-11-09"
"1775","7:15","16:38","2015-11-10"
"1776","7:16","16:36","2015-11-11"
"1777","7:18","16:35","2015-11-12"
"1778","7:20","16:34","2015-11-13"
"1779","7:21","16:32","2015-11-14"
"1780","7:23","16:31","2015-11-15"
"1781","7:24","16:30","2015-11-16"
"1782","7:26","16:29","2015-11-17"
"1783","7:27","16:28","2015-11-18"
"1784","7:29","16:26","2015-11-19"
"1785","7:30","16:25","2015-11-20"
"1786","7:32","16:24","2015-11-21"
"1787","7:33","16:23","2015-11-22"
"1788","7:35","16:22","2015-11-23"
"1789","7:36","16:22","2015-11-24"
"1790","7:38","16:21","2015-11-25"
"1791","7:39","16:20","2015-11-26"
"1792","7:41","16:19","2015-11-27"
"1793","7:42","16:19","2015-11-28"
"1794","7:43","16:18","2015-11-29"
"1795","7:45","16:17","2015-11-30"
"1796","7:46","16:17","2015-12-01"
"1797","7:47","16:16","2015-12-02"
"1798","7:49","16:16","2015-12-03"
"1799","7:50","16:15","2015-12-04"
"1800","7:51","16:15","2015-12-05"
"1801","7:52","16:15","2015-12-06"
"1802","7:53","16:14","2015-12-07"
"1803","7:54","16:14","2015-12-08"
"1804","7:55","16:14","2015-12-09"
"1805","7:57","16:14","2015-12-10"
"1806","7:57","16:14","2015-12-11"
"1807","7:58","16:14","2015-12-12"
"1808","7:59","16:14","2015-12-13"
"1809","8:00","16:14","2015-12-14"
"1810","8:01","16:14","2015-12-15"
"1811","8:02","16:14","2015-12-16"
"1812","8:03","16:15","2015-12-17"
"1813","8:03","16:15","2015-12-18"
"1814","8:04","16:15","2015-12-19"
"1815","8:04","16:16","2015-12-20"
"1816","8:05","16:16","2015-12-21"
"1817","8:05","16:17","2015-12-22"
"1818","8:06","16:17","2015-12-23"
"1819","8:06","16:18","2015-12-24"
"1820","8:07","16:19","2015-12-25"
"1821","8:07","16:19","2015-12-26"
"1822","8:07","16:20","2015-12-27"
"1823","8:07","16:21","2015-12-28"
"1824","8:08","16:22","2015-12-29"
"1825","8:08","16:23","2015-12-30"
"1826","8:08","16:23","2015-12-31"
"1827","8:08","16:25","2014-01-01"
"1828","8:08","16:26","2014-01-02"
"1829","8:07","16:27","2014-01-03"
"1830","8:07","16:28","2014-01-04"
"1831","8:07","16:29","2014-01-05"
"1832","8:07","16:30","2014-01-06"
"1833","8:06","16:32","2014-01-07"
"1834","8:06","16:33","2014-01-08"
"1835","8:06","16:34","2014-01-09"
"1836","8:05","16:35","2014-01-10"
"1837","8:05","16:37","2014-01-11"
"1838","8:04","16:38","2014-01-12"
"1839","8:03","16:40","2014-01-13"
"1840","8:03","16:41","2014-01-14"
"1841","8:02","16:42","2014-01-15"
"1842","8:01","16:44","2014-01-16"
"1843","8:00","16:45","2014-01-17"
"1844","8:00","16:47","2014-01-18"
"1845","7:59","16:48","2014-01-19"
"1846","7:58","16:50","2014-01-20"
"1847","7:57","16:51","2014-01-21"
"1848","7:56","16:53","2014-01-22"
"1849","7:55","16:55","2014-01-23"
"1850","7:54","16:56","2014-01-24"
"1851","7:52","16:58","2014-01-25"
"1852","7:51","16:59","2014-01-26"
"1853","7:50","17:01","2014-01-27"
"1854","7:49","17:03","2014-01-28"
"1855","7:48","17:04","2014-01-29"
"1856","7:46","17:06","2014-01-30"
"1857","7:45","17:08","2014-01-31"
"1858","7:43","17:09","2014-02-01"
"1859","7:42","17:11","2014-02-02"
"1860","7:41","17:13","2014-02-03"
"1861","7:39","17:14","2014-02-04"
"1862","7:38","17:16","2014-02-05"
"1863","7:36","17:18","2014-02-06"
"1864","7:34","17:19","2014-02-07"
"1865","7:33","17:21","2014-02-08"
"1866","7:31","17:23","2014-02-09"
"1867","7:30","17:24","2014-02-10"
"1868","7:28","17:26","2014-02-11"
"1869","7:26","17:28","2014-02-12"
"1870","7:25","17:29","2014-02-13"
"1871","7:23","17:31","2014-02-14"
"1872","7:21","17:33","2014-02-15"
"1873","7:19","17:34","2014-02-16"
"1874","7:17","17:36","2014-02-17"
"1875","7:16","17:38","2014-02-18"
"1876","7:14","17:39","2014-02-19"
"1877","7:12","17:41","2014-02-20"
"1878","7:10","17:43","2014-02-21"
"1879","7:08","17:44","2014-02-22"
"1880","7:06","17:46","2014-02-23"
"1881","7:04","17:48","2014-02-24"
"1882","7:02","17:49","2014-02-25"
"1883","7:00","17:51","2014-02-26"
"1884","6:58","17:53","2014-02-27"
"1885","6:56","17:54","2014-02-28"
"1886","6:54","17:56","2014-03-01"
"1887","6:52","17:57","2014-03-02"
"1888","6:50","17:59","2014-03-03"
"1889","6:48","18:01","2014-03-04"
"1890","6:46","18:02","2014-03-05"
"1891","6:44","18:04","2014-03-06"
"1892","6:42","18:05","2014-03-07"
"1893","6:40","18:07","2014-03-08"
"1894","6:38","18:09","2014-03-09"
"1895","6:36","18:10","2014-03-10"
"1896","6:34","18:12","2014-03-11"
"1897","6:32","18:13","2014-03-12"
"1898","6:30","18:15","2014-03-13"
"1899","6:28","18:16","2014-03-14"
"1900","6:26","18:18","2014-03-15"
"1901","6:23","18:20","2014-03-16"
"1902","6:21","18:21","2014-03-17"
"1903","6:19","18:23","2014-03-18"
"1904","6:17","18:24","2014-03-19"
"1905","6:15","18:26","2014-03-20"
"1906","6:13","18:27","2014-03-21"
"1907","6:11","18:29","2014-03-22"
"1908","6:09","18:30","2014-03-23"
"1909","6:06","18:32","2014-03-24"
"1910","6:04","18:33","2014-03-25"
"1911","6:02","18:35","2014-03-26"
"1912","6:00","18:36","2014-03-27"
"1913","5:58","18:38","2014-03-28"
"1914","5:56","18:40","2014-03-29"
"1915","5:54","18:41","2014-03-30"
"1916","5:52","18:43","2014-03-31"
"1917","5:49","18:44","2014-04-01"
"1918","5:47","18:46","2014-04-02"
"1919","5:45","18:47","2014-04-03"
"1920","5:43","18:49","2014-04-04"
"1921","5:41","18:50","2014-04-05"
"1922","5:39","18:52","2014-04-06"
"1923","5:37","18:53","2014-04-07"
"1924","5:35","18:55","2014-04-08"
"1925","5:33","18:56","2014-04-09"
"1926","5:31","18:58","2014-04-10"
"1927","5:29","18:59","2014-04-11"
"1928","5:27","19:01","2014-04-12"
"1929","5:25","19:02","2014-04-13"
"1930","5:23","19:04","2014-04-14"
"1931","5:21","19:05","2014-04-15"
"1932","5:19","19:07","2014-04-16"
"1933","5:17","19:08","2014-04-17"
"1934","5:15","19:10","2014-04-18"
"1935","5:13","19:11","2014-04-19"
"1936","5:11","19:13","2014-04-20"
"1937","5:09","19:14","2014-04-21"
"1938","5:07","19:16","2014-04-22"
"1939","5:05","19:17","2014-04-23"
"1940","5:03","19:19","2014-04-24"
"1941","5:01","19:20","2014-04-25"
"1942","5:00","19:22","2014-04-26"
"1943","4:58","19:23","2014-04-27"
"1944","4:56","19:25","2014-04-28"
"1945","4:54","19:26","2014-04-29"
"1946","4:52","19:28","2014-04-30"
"1947","4:51","19:29","2014-05-01"
"1948","4:49","19:31","2014-05-02"
"1949","4:47","19:32","2014-05-03"
"1950","4:46","19:34","2014-05-04"
"1951","4:44","19:35","2014-05-05"
"1952","4:42","19:37","2014-05-06"
"1953","4:41","19:38","2014-05-07"
"1954","4:39","19:40","2014-05-08"
"1955","4:38","19:41","2014-05-09"
"1956","4:36","19:43","2014-05-10"
"1957","4:35","19:44","2014-05-11"
"1958","4:33","19:45","2014-05-12"
"1959","4:32","19:47","2014-05-13"
"1960","4:30","19:48","2014-05-14"
"1961","4:29","19:49","2014-05-15"
"1962","4:28","19:51","2014-05-16"
"1963","4:27","19:52","2014-05-17"
"1964","4:25","19:53","2014-05-18"
"1965","4:24","19:55","2014-05-19"
"1966","4:23","19:56","2014-05-20"
"1967","4:22","19:57","2014-05-21"
"1968","4:21","19:59","2014-05-22"
"1969","4:20","20:00","2014-05-23"
"1970","4:19","20:01","2014-05-24"
"1971","4:18","20:02","2014-05-25"
"1972","4:17","20:03","2014-05-26"
"1973","4:16","20:04","2014-05-27"
"1974","4:15","20:06","2014-05-28"
"1975","4:14","20:07","2014-05-29"
"1976","4:13","20:08","2014-05-30"
"1977","4:12","20:09","2014-05-31"
"1978","4:12","20:10","2014-06-01"
"1979","4:11","20:11","2014-06-02"
"1980","4:10","20:12","2014-06-03"
"1981","4:10","20:12","2014-06-04"
"1982","4:09","20:13","2014-06-05"
"1983","4:09","20:14","2014-06-06"
"1984","4:08","20:15","2014-06-07"
"1985","4:08","20:16","2014-06-08"
"1986","4:08","20:16","2014-06-09"
"1987","4:07","20:17","2014-06-10"
"1988","4:07","20:18","2014-06-11"
"1989","4:07","20:18","2014-06-12"
"1990","4:07","20:19","2014-06-13"
"1991","4:07","20:19","2014-06-14"
"1992","4:06","20:20","2014-06-15"
"1993","4:06","20:20","2014-06-16"
"1994","4:06","20:21","2014-06-17"
"1995","4:07","20:21","2014-06-18"
"1996","4:07","20:21","2014-06-19"
"1997","4:07","20:22","2014-06-20"
"1998","4:07","20:22","2014-06-21"
"1999","4:07","20:22","2014-06-22"
"2000","4:08","20:22","2014-06-23"
"2001","4:08","20:22","2014-06-24"
"2002","4:08","20:22","2014-06-25"
"2003","4:09","20:22","2014-06-26"
"2004","4:09","20:22","2014-06-27"
"2005","4:10","20:22","2014-06-28"
"2006","4:10","20:22","2014-06-29"
"2007","4:11","20:21","2014-06-30"
"2008","4:11","20:21","2014-07-01"
"2009","4:12","20:21","2014-07-02"
"2010","4:13","20:21","2014-07-03"
"2011","4:13","20:20","2014-07-04"
"2012","4:14","20:20","2014-07-05"
"2013","4:15","20:19","2014-07-06"
"2014","4:16","20:19","2014-07-07"
"2015","4:17","20:18","2014-07-08"
"2016","4:18","20:17","2014-07-09"
"2017","4:18","20:17","2014-07-10"
"2018","4:19","20:16","2014-07-11"
"2019","4:20","20:15","2014-07-12"
"2020","4:21","20:15","2014-07-13"
"2021","4:22","20:14","2014-07-14"
"2022","4:24","20:13","2014-07-15"
"2023","4:25","20:12","2014-07-16"
"2024","4:26","20:11","2014-07-17"
"2025","4:27","20:10","2014-07-18"
"2026","4:28","20:09","2014-07-19"
"2027","4:29","20:08","2014-07-20"
"2028","4:30","20:07","2014-07-21"
"2029","4:32","20:06","2014-07-22"
"2030","4:33","20:04","2014-07-23"
"2031","4:34","20:03","2014-07-24"
"2032","4:35","20:02","2014-07-25"
"2033","4:37","20:01","2014-07-26"
"2034","4:38","19:59","2014-07-27"
"2035","4:39","19:58","2014-07-28"
"2036","4:41","19:56","2014-07-29"
"2037","4:42","19:55","2014-07-30"
"2038","4:43","19:54","2014-07-31"
"2039","4:45","19:52","2014-08-01"
"2040","4:46","19:51","2014-08-02"
"2041","4:47","19:49","2014-08-03"
"2042","4:49","19:47","2014-08-04"
"2043","4:50","19:46","2014-08-05"
"2044","4:51","19:44","2014-08-06"
"2045","4:53","19:43","2014-08-07"
"2046","4:54","19:41","2014-08-08"
"2047","4:56","19:39","2014-08-09"
"2048","4:57","19:38","2014-08-10"
"2049","4:59","19:36","2014-08-11"
"2050","5:00","19:34","2014-08-12"
"2051","5:01","19:32","2014-08-13"
"2052","5:03","19:30","2014-08-14"
"2053","5:04","19:29","2014-08-15"
"2054","5:06","19:27","2014-08-16"
"2055","5:07","19:25","2014-08-17"
"2056","5:09","19:23","2014-08-18"
"2057","5:10","19:21","2014-08-19"
"2058","5:11","19:19","2014-08-20"
"2059","5:13","19:17","2014-08-21"
"2060","5:14","19:15","2014-08-22"
"2061","5:16","19:13","2014-08-23"
"2062","5:17","19:11","2014-08-24"
"2063","5:19","19:09","2014-08-25"
"2064","5:20","19:07","2014-08-26"
"2065","5:22","19:05","2014-08-27"
"2066","5:23","19:03","2014-08-28"
"2067","5:24","19:01","2014-08-29"
"2068","5:26","18:59","2014-08-30"
"2069","5:27","18:57","2014-08-31"
"2070","5:29","18:55","2014-09-01"
"2071","5:30","18:53","2014-09-02"
"2072","5:32","18:51","2014-09-03"
"2073","5:33","18:49","2014-09-04"
"2074","5:34","18:47","2014-09-05"
"2075","5:36","18:45","2014-09-06"
"2076","5:37","18:43","2014-09-07"
"2077","5:39","18:40","2014-09-08"
"2078","5:40","18:38","2014-09-09"
"2079","5:42","18:36","2014-09-10"
"2080","5:43","18:34","2014-09-11"
"2081","5:45","18:32","2014-09-12"
"2082","5:46","18:30","2014-09-13"
"2083","5:47","18:28","2014-09-14"
"2084","5:49","18:25","2014-09-15"
"2085","5:50","18:23","2014-09-16"
"2086","5:52","18:21","2014-09-17"
"2087","5:53","18:19","2014-09-18"
"2088","5:55","18:17","2014-09-19"
"2089","5:56","18:15","2014-09-20"
"2090","5:58","18:12","2014-09-21"
"2091","5:59","18:10","2014-09-22"
"2092","6:01","18:08","2014-09-23"
"2093","6:02","18:06","2014-09-24"
"2094","6:03","18:04","2014-09-25"
"2095","6:05","18:02","2014-09-26"
"2096","6:06","18:00","2014-09-27"
"2097","6:08","17:57","2014-09-28"
"2098","6:09","17:55","2014-09-29"
"2099","6:11","17:53","2014-09-30"
"2100","6:12","17:51","2014-10-01"
"2101","6:14","17:49","2014-10-02"
"2102","6:15","17:47","2014-10-03"
"2103","6:17","17:45","2014-10-04"
"2104","6:18","17:43","2014-10-05"
"2105","6:20","17:40","2014-10-06"
"2106","6:21","17:38","2014-10-07"
"2107","6:23","17:36","2014-10-08"
"2108","6:24","17:34","2014-10-09"
"2109","6:26","17:32","2014-10-10"
"2110","6:27","17:30","2014-10-11"
"2111","6:29","17:28","2014-10-12"
"2112","6:30","17:26","2014-10-13"
"2113","6:32","17:24","2014-10-14"
"2114","6:34","17:22","2014-10-15"
"2115","6:35","17:20","2014-10-16"
"2116","6:37","17:18","2014-10-17"
"2117","6:38","17:16","2014-10-18"
"2118","6:40","17:14","2014-10-19"
"2119","6:41","17:12","2014-10-20"
"2120","6:43","17:11","2014-10-21"
"2121","6:45","17:09","2014-10-22"
"2122","6:46","17:07","2014-10-23"
"2123","6:48","17:05","2014-10-24"
"2124","6:49","17:03","2014-10-25"
"2125","6:51","17:01","2014-10-26"
"2126","6:53","17:00","2014-10-27"
"2127","6:54","16:58","2014-10-28"
"2128","6:56","16:56","2014-10-29"
"2129","6:57","16:54","2014-10-30"
"2130","6:59","16:53","2014-10-31"
"2131","7:01","16:51","2014-11-01"
"2132","7:02","16:49","2014-11-02"
"2133","7:04","16:48","2014-11-03"
"2134","7:05","16:46","2014-11-04"
"2135","7:07","16:45","2014-11-05"
"2136","7:09","16:43","2014-11-06"
"2137","7:10","16:42","2014-11-07"
"2138","7:12","16:40","2014-11-08"
"2139","7:14","16:39","2014-11-09"
"2140","7:15","16:37","2014-11-10"
"2141","7:17","16:36","2014-11-11"
"2142","7:18","16:35","2014-11-12"
"2143","7:20","16:33","2014-11-13"
"2144","7:22","16:32","2014-11-14"
"2145","7:23","16:31","2014-11-15"
"2146","7:25","16:30","2014-11-16"
"2147","7:26","16:28","2014-11-17"
"2148","7:28","16:27","2014-11-18"
"2149","7:29","16:26","2014-11-19"
"2150","7:31","16:25","2014-11-20"
"2151","7:32","16:24","2014-11-21"
"2152","7:34","16:23","2014-11-22"
"2153","7:35","16:22","2014-11-23"
"2154","7:37","16:21","2014-11-24"
"2155","7:38","16:21","2014-11-25"
"2156","7:40","16:20","2014-11-26"
"2157","7:41","16:19","2014-11-27"
"2158","7:42","16:18","2014-11-28"
"2159","7:44","16:18","2014-11-29"
"2160","7:45","16:17","2014-11-30"
"2161","7:46","16:17","2014-12-01"
"2162","7:48","16:16","2014-12-02"
"2163","7:49","16:16","2014-12-03"
"2164","7:50","16:15","2014-12-04"
"2165","7:51","16:15","2014-12-05"
"2166","7:52","16:15","2014-12-06"
"2167","7:54","16:14","2014-12-07"
"2168","7:55","16:14","2014-12-08"
"2169","7:56","16:14","2014-12-09"
"2170","7:57","16:14","2014-12-10"
"2171","7:58","16:14","2014-12-11"
"2172","7:59","16:14","2014-12-12"
"2173","8:00","16:14","2014-12-13"
"2174","8:00","16:14","2014-12-14"
"2175","8:01","16:14","2014-12-15"
"2176","8:02","16:14","2014-12-16"
"2177","8:03","16:15","2014-12-17"
"2178","8:03","16:15","2014-12-18"
"2179","8:04","16:15","2014-12-19"
"2180","8:05","16:16","2014-12-20"
"2181","8:05","16:16","2014-12-21"
"2182","8:06","16:17","2014-12-22"
"2183","8:06","16:17","2014-12-23"
"2184","8:06","16:18","2014-12-24"
"2185","8:07","16:19","2014-12-25"
"2186","8:07","16:19","2014-12-26"
"2187","8:07","16:20","2014-12-27"
"2188","8:07","16:21","2014-12-28"
"2189","8:08","16:22","2014-12-29"
"2190","8:08","16:23","2014-12-30"
"2191","8:08","16:24","2014-12-31"
"2192","8:08","16:25","2013-01-01"
"2193","8:08","16:26","2013-01-02"
"2194","8:07","16:27","2013-01-03"
"2195","8:07","16:28","2013-01-04"
"2196","8:07","16:30","2013-01-05"
"2197","8:07","16:31","2013-01-06"
"2198","8:06","16:32","2013-01-07"
"2199","8:06","16:33","2013-01-08"
"2200","8:06","16:34","2013-01-09"
"2201","8:05","16:36","2013-01-10"
"2202","8:04","16:37","2013-01-11"
"2203","8:04","16:38","2013-01-12"
"2204","8:03","16:40","2013-01-13"
"2205","8:03","16:41","2013-01-14"
"2206","8:02","16:43","2013-01-15"
"2207","8:01","16:44","2013-01-16"
"2208","8:00","16:46","2013-01-17"
"2209","7:59","16:47","2013-01-18"
"2210","7:58","16:49","2013-01-19"
"2211","7:58","16:50","2013-01-20"
"2212","7:57","16:52","2013-01-21"
"2213","7:55","16:53","2013-01-22"
"2214","7:54","16:55","2013-01-23"
"2215","7:53","16:57","2013-01-24"
"2216","7:52","16:58","2013-01-25"
"2217","7:51","17:00","2013-01-26"
"2218","7:50","17:01","2013-01-27"
"2219","7:48","17:03","2013-01-28"
"2220","7:47","17:05","2013-01-29"
"2221","7:46","17:06","2013-01-30"
"2222","7:45","17:08","2013-01-31"
"2223","7:43","17:10","2013-02-01"
"2224","7:42","17:11","2013-02-02"
"2225","7:40","17:13","2013-02-03"
"2226","7:39","17:15","2013-02-04"
"2227","7:37","17:16","2013-02-05"
"2228","7:36","17:18","2013-02-06"
"2229","7:34","17:20","2013-02-07"
"2230","7:33","17:21","2013-02-08"
"2231","7:31","17:23","2013-02-09"
"2232","7:29","17:25","2013-02-10"
"2233","7:28","17:27","2013-02-11"
"2234","7:26","17:28","2013-02-12"
"2235","7:24","17:30","2013-02-13"
"2236","7:22","17:32","2013-02-14"
"2237","7:21","17:33","2013-02-15"
"2238","7:19","17:35","2013-02-16"
"2239","7:17","17:37","2013-02-17"
"2240","7:15","17:38","2013-02-18"
"2241","7:13","17:40","2013-02-19"
"2242","7:11","17:42","2013-02-20"
"2243","7:10","17:43","2013-02-21"
"2244","7:08","17:45","2013-02-22"
"2245","7:06","17:46","2013-02-23"
"2246","7:04","17:48","2013-02-24"
"2247","7:02","17:50","2013-02-25"
"2248","7:00","17:51","2013-02-26"
"2249","6:58","17:53","2013-02-27"
"2250","6:56","17:55","2013-02-28"
"2251","6:54","17:56","2013-03-01"
"2252","6:52","17:58","2013-03-02"
"2253","6:50","17:59","2013-03-03"
"2254","6:48","18:01","2013-03-04"
"2255","6:46","18:03","2013-03-05"
"2256","6:44","18:04","2013-03-06"
"2257","6:42","18:06","2013-03-07"
"2258","6:40","18:07","2013-03-08"
"2259","6:38","18:09","2013-03-09"
"2260","6:36","18:11","2013-03-10"
"2261","6:33","18:12","2013-03-11"
"2262","6:31","18:14","2013-03-12"
"2263","6:29","18:15","2013-03-13"
"2264","6:27","18:17","2013-03-14"
"2265","6:25","18:18","2013-03-15"
"2266","6:23","18:20","2013-03-16"
"2267","6:21","18:22","2013-03-17"
"2268","6:19","18:23","2013-03-18"
"2269","6:17","18:25","2013-03-19"
"2270","6:14","18:26","2013-03-20"
"2271","6:12","18:28","2013-03-21"
"2272","6:10","18:29","2013-03-22"
"2273","6:08","18:31","2013-03-23"
"2274","6:06","18:32","2013-03-24"
"2275","6:04","18:34","2013-03-25"
"2276","6:02","18:35","2013-03-26"
"2277","6:00","18:37","2013-03-27"
"2278","5:57","18:38","2013-03-28"
"2279","5:55","18:40","2013-03-29"
"2280","5:53","18:41","2013-03-30"
"2281","5:51","18:43","2013-03-31"
"2282","5:49","18:44","2013-04-01"
"2283","5:47","18:46","2013-04-02"
"2284","5:45","18:48","2013-04-03"
"2285","5:43","18:49","2013-04-04"
"2286","5:41","18:51","2013-04-05"
"2287","5:38","18:52","2013-04-06"
"2288","5:36","18:54","2013-04-07"
"2289","5:34","18:55","2013-04-08"
"2290","5:32","18:57","2013-04-09"
"2291","5:30","18:58","2013-04-10"
"2292","5:28","19:00","2013-04-11"
"2293","5:26","19:01","2013-04-12"
"2294","5:24","19:03","2013-04-13"
"2295","5:22","19:04","2013-04-14"
"2296","5:20","19:06","2013-04-15"
"2297","5:18","19:07","2013-04-16"
"2298","5:16","19:09","2013-04-17"
"2299","5:14","19:10","2013-04-18"
"2300","5:12","19:12","2013-04-19"
"2301","5:10","19:13","2013-04-20"
"2302","5:08","19:15","2013-04-21"
"2303","5:07","19:16","2013-04-22"
"2304","5:05","19:18","2013-04-23"
"2305","5:03","19:19","2013-04-24"
"2306","5:01","19:21","2013-04-25"
"2307","4:59","19:22","2013-04-26"
"2308","4:57","19:24","2013-04-27"
"2309","4:56","19:25","2013-04-28"
"2310","4:54","19:27","2013-04-29"
"2311","4:52","19:28","2013-04-30"
"2312","4:50","19:30","2013-05-01"
"2313","4:49","19:31","2013-05-02"
"2314","4:47","19:33","2013-05-03"
"2315","4:45","19:34","2013-05-04"
"2316","4:44","19:36","2013-05-05"
"2317","4:42","19:37","2013-05-06"
"2318","4:40","19:39","2013-05-07"
"2319","4:39","19:40","2013-05-08"
"2320","4:37","19:41","2013-05-09"
"2321","4:36","19:43","2013-05-10"
"2322","4:34","19:44","2013-05-11"
"2323","4:33","19:46","2013-05-12"
"2324","4:32","19:47","2013-05-13"
"2325","4:30","19:48","2013-05-14"
"2326","4:29","19:50","2013-05-15"
"2327","4:28","19:51","2013-05-16"
"2328","4:26","19:52","2013-05-17"
"2329","4:25","19:54","2013-05-18"
"2330","4:24","19:55","2013-05-19"
"2331","4:23","19:56","2013-05-20"
"2332","4:21","19:58","2013-05-21"
"2333","4:20","19:59","2013-05-22"
"2334","4:19","20:00","2013-05-23"
"2335","4:18","20:01","2013-05-24"
"2336","4:17","20:02","2013-05-25"
"2337","4:16","20:04","2013-05-26"
"2338","4:15","20:05","2013-05-27"
"2339","4:15","20:06","2013-05-28"
"2340","4:14","20:07","2013-05-29"
"2341","4:13","20:08","2013-05-30"
"2342","4:12","20:09","2013-05-31"
"2343","4:12","20:10","2013-06-01"
"2344","4:11","20:11","2013-06-02"
"2345","4:10","20:12","2013-06-03"
"2346","4:10","20:13","2013-06-04"
"2347","4:09","20:13","2013-06-05"
"2348","4:09","20:14","2013-06-06"
"2349","4:08","20:15","2013-06-07"
"2350","4:08","20:16","2013-06-08"
"2351","4:08","20:17","2013-06-09"
"2352","4:07","20:17","2013-06-10"
"2353","4:07","20:18","2013-06-11"
"2354","4:07","20:18","2013-06-12"
"2355","4:07","20:19","2013-06-13"
"2356","4:07","20:19","2013-06-14"
"2357","4:06","20:20","2013-06-15"
"2358","4:06","20:20","2013-06-16"
"2359","4:06","20:21","2013-06-17"
"2360","4:07","20:21","2013-06-18"
"2361","4:07","20:21","2013-06-19"
"2362","4:07","20:22","2013-06-20"
"2363","4:07","20:22","2013-06-21"
"2364","4:07","20:22","2013-06-22"
"2365","4:08","20:22","2013-06-23"
"2366","4:08","20:22","2013-06-24"
"2367","4:08","20:22","2013-06-25"
"2368","4:09","20:22","2013-06-26"
"2369","4:09","20:22","2013-06-27"
"2370","4:10","20:22","2013-06-28"
"2371","4:10","20:22","2013-06-29"
"2372","4:11","20:21","2013-06-30"
"2373","4:11","20:21","2013-07-01"
"2374","4:12","20:21","2013-07-02"
"2375","4:13","20:20","2013-07-03"
"2376","4:14","20:20","2013-07-04"
"2377","4:14","20:20","2013-07-05"
"2378","4:15","20:19","2013-07-06"
"2379","4:16","20:19","2013-07-07"
"2380","4:17","20:18","2013-07-08"
"2381","4:18","20:17","2013-07-09"
"2382","4:19","20:17","2013-07-10"
"2383","4:20","20:16","2013-07-11"
"2384","4:21","20:15","2013-07-12"
"2385","4:22","20:14","2013-07-13"
"2386","4:23","20:14","2013-07-14"
"2387","4:24","20:13","2013-07-15"
"2388","4:25","20:12","2013-07-16"
"2389","4:26","20:11","2013-07-17"
"2390","4:27","20:10","2013-07-18"
"2391","4:28","20:09","2013-07-19"
"2392","4:29","20:08","2013-07-20"
"2393","4:31","20:06","2013-07-21"
"2394","4:32","20:05","2013-07-22"
"2395","4:33","20:04","2013-07-23"
"2396","4:34","20:03","2013-07-24"
"2397","4:36","20:02","2013-07-25"
"2398","4:37","20:00","2013-07-26"
"2399","4:38","19:59","2013-07-27"
"2400","4:40","19:58","2013-07-28"
"2401","4:41","19:56","2013-07-29"
"2402","4:42","19:55","2013-07-30"
"2403","4:44","19:53","2013-07-31"
"2404","4:45","19:52","2013-08-01"
"2405","4:46","19:50","2013-08-02"
"2406","4:48","19:49","2013-08-03"
"2407","4:49","19:47","2013-08-04"
"2408","4:50","19:46","2013-08-05"
"2409","4:52","19:44","2013-08-06"
"2410","4:53","19:42","2013-08-07"
"2411","4:55","19:41","2013-08-08"
"2412","4:56","19:39","2013-08-09"
"2413","4:57","19:37","2013-08-10"
"2414","4:59","19:35","2013-08-11"
"2415","5:00","19:34","2013-08-12"
"2416","5:02","19:32","2013-08-13"
"2417","5:03","19:30","2013-08-14"
"2418","5:05","19:28","2013-08-15"
"2419","5:06","19:26","2013-08-16"
"2420","5:07","19:24","2013-08-17"
"2421","5:09","19:23","2013-08-18"
"2422","5:10","19:21","2013-08-19"
"2423","5:12","19:19","2013-08-20"
"2424","5:13","19:17","2013-08-21"
"2425","5:15","19:15","2013-08-22"
"2426","5:16","19:13","2013-08-23"
"2427","5:18","19:11","2013-08-24"
"2428","5:19","19:09","2013-08-25"
"2429","5:20","19:07","2013-08-26"
"2430","5:22","19:05","2013-08-27"
"2431","5:23","19:03","2013-08-28"
"2432","5:25","19:01","2013-08-29"
"2433","5:26","18:59","2013-08-30"
"2434","5:28","18:57","2013-08-31"
"2435","5:29","18:55","2013-09-01"
"2436","5:31","18:53","2013-09-02"
"2437","5:32","18:50","2013-09-03"
"2438","5:33","18:48","2013-09-04"
"2439","5:35","18:46","2013-09-05"
"2440","5:36","18:44","2013-09-06"
"2441","5:38","18:42","2013-09-07"
"2442","5:39","18:40","2013-09-08"
"2443","5:41","18:38","2013-09-09"
"2444","5:42","18:36","2013-09-10"
"2445","5:43","18:33","2013-09-11"
"2446","5:45","18:31","2013-09-12"
"2447","5:46","18:29","2013-09-13"
"2448","5:48","18:27","2013-09-14"
"2449","5:49","18:25","2013-09-15"
"2450","5:51","18:23","2013-09-16"
"2451","5:52","18:21","2013-09-17"
"2452","5:54","18:18","2013-09-18"
"2453","5:55","18:16","2013-09-19"
"2454","5:57","18:14","2013-09-20"
"2455","5:58","18:12","2013-09-21"
"2456","5:59","18:10","2013-09-22"
"2457","6:01","18:08","2013-09-23"
"2458","6:02","18:05","2013-09-24"
"2459","6:04","18:03","2013-09-25"
"2460","6:05","18:01","2013-09-26"
"2461","6:07","17:59","2013-09-27"
"2462","6:08","17:57","2013-09-28"
"2463","6:10","17:55","2013-09-29"
"2464","6:11","17:53","2013-09-30"
"2465","6:13","17:51","2013-10-01"
"2466","6:14","17:48","2013-10-02"
"2467","6:16","17:46","2013-10-03"
"2468","6:17","17:44","2013-10-04"
"2469","6:19","17:42","2013-10-05"
"2470","6:20","17:40","2013-10-06"
"2471","6:22","17:38","2013-10-07"
"2472","6:23","17:36","2013-10-08"
"2473","6:25","17:34","2013-10-09"
"2474","6:26","17:32","2013-10-10"
"2475","6:28","17:30","2013-10-11"
"2476","6:29","17:28","2013-10-12"
"2477","6:31","17:26","2013-10-13"
"2478","6:32","17:24","2013-10-14"
"2479","6:34","17:22","2013-10-15"
"2480","6:36","17:20","2013-10-16"
"2481","6:37","17:18","2013-10-17"
"2482","6:39","17:16","2013-10-18"
"2483","6:40","17:14","2013-10-19"
"2484","6:42","17:12","2013-10-20"
"2485","6:43","17:10","2013-10-21"
"2486","6:45","17:08","2013-10-22"
"2487","6:47","17:06","2013-10-23"
"2488","6:48","17:04","2013-10-24"
"2489","6:50","17:03","2013-10-25"
"2490","6:51","17:01","2013-10-26"
"2491","6:53","16:59","2013-10-27"
"2492","6:55","16:57","2013-10-28"
"2493","6:56","16:56","2013-10-29"
"2494","6:58","16:54","2013-10-30"
"2495","6:59","16:52","2013-10-31"
"2496","7:01","16:51","2013-11-01"
"2497","7:03","16:49","2013-11-02"
"2498","7:04","16:47","2013-11-03"
"2499","7:06","16:46","2013-11-04"
"2500","7:07","16:44","2013-11-05"
"2501","7:09","16:43","2013-11-06"
"2502","7:11","16:41","2013-11-07"
"2503","7:12","16:40","2013-11-08"
"2504","7:14","16:38","2013-11-09"
"2505","7:16","16:37","2013-11-10"
"2506","7:17","16:36","2013-11-11"
"2507","7:19","16:34","2013-11-12"
"2508","7:20","16:33","2013-11-13"
"2509","7:22","16:32","2013-11-14"
"2510","7:23","16:30","2013-11-15"
"2511","7:25","16:29","2013-11-16"
"2512","7:27","16:28","2013-11-17"
"2513","7:28","16:27","2013-11-18"
"2514","7:30","16:26","2013-11-19"
"2515","7:31","16:25","2013-11-20"
"2516","7:33","16:24","2013-11-21"
"2517","7:34","16:23","2013-11-22"
"2518","7:36","16:22","2013-11-23"
"2519","7:37","16:21","2013-11-24"
"2520","7:39","16:20","2013-11-25"
"2521","7:40","16:20","2013-11-26"
"2522","7:41","16:19","2013-11-27"
"2523","7:43","16:18","2013-11-28"
"2524","7:44","16:18","2013-11-29"
"2525","7:45","16:17","2013-11-30"
"2526","7:47","16:16","2013-12-01"
"2527","7:48","16:16","2013-12-02"
"2528","7:49","16:16","2013-12-03"
"2529","7:50","16:15","2013-12-04"
"2530","7:52","16:15","2013-12-05"
"2531","7:53","16:15","2013-12-06"
"2532","7:54","16:14","2013-12-07"
"2533","7:55","16:14","2013-12-08"
"2534","7:56","16:14","2013-12-09"
"2535","7:57","16:14","2013-12-10"
"2536","7:58","16:14","2013-12-11"
"2537","7:59","16:14","2013-12-12"
"2538","8:00","16:14","2013-12-13"
"2539","8:01","16:14","2013-12-14"
"2540","8:01","16:14","2013-12-15"
"2541","8:02","16:15","2013-12-16"
"2542","8:03","16:15","2013-12-17"
"2543","8:04","16:15","2013-12-18"
"2544","8:04","16:16","2013-12-19"
"2545","8:05","16:16","2013-12-20"
"2546","8:05","16:16","2013-12-21"
"2547","8:06","16:17","2013-12-22"
"2548","8:06","16:18","2013-12-23"
"2549","8:07","16:18","2013-12-24"
"2550","8:07","16:19","2013-12-25"
"2551","8:07","16:20","2013-12-26"
"2552","8:07","16:20","2013-12-27"
"2553","8:08","16:21","2013-12-28"
"2554","8:08","16:22","2013-12-29"
"2555","8:08","16:23","2013-12-30"
"2556","8:08","16:24","2013-12-31"
