Type of Crosswalk;X;Y;Lat;Long;geopoint
unmarked;496451.0;5453475.0;49.2340438816;-123.048750535;49.2340438816,-123.048750535
unmarked;490127.0;5461612.0;49.3071682397;-123.135820232;49.3071682397,-123.135820232
Special Crossing;494647.0;5456930.0;49.2651092455;-123.073577179;49.2651092455,-123.073577179
Special Crossing;488176.0;5456500.0;49.2611504484;-123.162508332;49.2611504484,-123.162508332
Special Crossing;486100.0;5453572.0;49.2347689118;-123.190939003;49.2347689118,-123.190939003
Special Crossing;486745.0;5453057.0;49.2301506848;-123.182061907;49.2301506848,-123.182061907
Special Crossing;488910.0;5452716.0;49.2271263516;-123.152315592;49.2271263516,-123.152315592
Special Crossing;494647.0;5456919.0;49.2650102984;-123.073577031;49.2650102984,-123.073577031
Parallel Lines;485692.0;5453573.0;49.2347685076;-123.196543545;49.2347685076,-123.196543545
Parallel Lines;487605.0;5456117.0;49.2576939934;-123.170344228;49.2576939934,-123.170344228
Parallel Lines;487464.0;5456121.0;49.2577271009;-123.172282105;49.2577271009,-123.172282105
Parallel Lines;486511.0;5453901.0;49.237737526;-123.185304355;49.237737526,-123.185304355
Parallel Lines;491079.0;5450259.0;49.2050604425;-123.122470927;49.2050604425,-123.122470927
Parallel Lines;492354.0;5454954.0;49.247310361;-123.105056768;49.247310361,-123.105056768
Parallel Lines;489885.0;5455471.0;49.2519250493;-123.138994026;49.2519250493,-123.138994026
Parallel Lines;490927.0;5455272.0;49.250151343;-123.124671042;49.250151343,-123.124671042
Parallel Lines;495127.0;5453084.0;49.2305176337;-123.066932784;49.2305176337,-123.066932784
Parallel Lines;492597.0;5452442.0;49.2247173243;-123.101671542;49.2247173243,-123.101671542
Parallel Lines;494058.0;5451711.0;49.2181577065;-123.081595614;49.2181577065,-123.081595614
Parallel Lines;497253.0;5451607.0;49.2172448575;-123.03772114;49.2172448575,-123.03772114
Parallel Lines;496568.0;5454641.0;49.244532997;-123.047153359;49.244532997,-123.047153359
Parallel Lines;498130.0;5458297.0;49.2774262394;-123.025709617;49.2774262394,-123.025709617
Parallel Lines;493694.0;5458817.0;49.282074062;-123.086705929;49.282074062,-123.086705929
Parallel Lines;490571.0;5459890.0;49.2916856522;-123.129671613;49.2916856522,-123.129671613
Parallel Lines;489392.0;5459754.0;49.2904429823;-123.14588206;49.2904429823,-123.14588206
Parallel Lines;489509.0;5459647.0;49.289482523;-123.144270264;49.289482523,-123.144270264
Parallel Lines;489644.0;5459442.0;49.2876408229;-123.142408464;49.2876408229,-123.142408464
Parallel Lines;490069.0;5458555.0;49.2796691823;-123.136542147;49.2796691823,-123.136542147
Parallel Lines;491449.0;5457182.0;49.2673396779;-123.117539109;49.2673396779,-123.117539109
Parallel Lines;491448.0;5456621.0;49.2622933663;-123.117540868;49.2622933663,-123.117540868
Parallel Lines;490612.0;5457076.0;49.2663739125;-123.129041708;49.2663739125,-123.129041708
Parallel Lines;489041.0;5456478.0;49.2609686644;-123.150619268;49.2609686644,-123.150619268
Parallel Lines;487746.0;5456925.0;49.2649649302;-123.168431211;49.2649649302,-123.168431211
Parallel Lines;486928.0;5457323.0;49.2685280644;-123.179687563;49.2685280644,-123.179687563
Zebra Crossing;485537.0;5454850.0;49.2462517177;-123.198718791;49.2462517177,-123.198718791
Zebra Crossing;485669.0;5453891.0;49.2376284412;-123.196870854;49.2376284412,-123.196870854
Zebra Crossing;488050.0;5453561.0;49.2347111326;-123.164152393;49.2347111326,-123.164152393
Zebra Crossing;487962.0;5455049.0;49.2480942676;-123.165405906;49.2480942676,-123.165405906
Zebra Crossing;487004.0;5455377.0;49.2510250914;-123.178579704;49.2510250914,-123.178579704
Zebra Crossing;486309.0;5454841.0;49.2461885192;-123.188111417;49.2461885192,-123.188111417
Zebra Crossing;487794.0;5455873.0;49.2555029709;-123.167739379;49.2555029709,-123.167739379
Zebra Crossing;488179.0;5455099.0;49.2485482575;-123.162425745;49.2485482575,-123.162425745
Zebra Crossing;489123.0;5454372.0;49.2420262538;-123.149435082;49.2420262538,-123.149435082
Zebra Crossing;488681.0;5453751.0;49.2364322147;-123.155489997;49.2364322147,-123.155489997
Zebra Crossing;491232.0;5451819.0;49.2190952632;-123.120404564;49.2190952632,-123.120404564
Zebra Crossing;490815.0;5451592.0;49.2170472299;-123.126125711;49.2170472299,-123.126125711
Zebra Crossing;490395.0;5452664.0;49.2266836915;-123.131918677;49.2266836915,-123.131918677
Zebra Crossing;491265.0;5456212.0;49.2586117479;-123.120047137;49.2586117479,-123.120047137
Zebra Crossing;490408.0;5456044.0;49.2570877182;-123.131821031;49.2570877182,-123.131821031
Zebra Crossing;490082.0;5456141.0;49.2579550529;-123.136303577;49.2579550529,-123.136303577
Zebra Crossing;491273.0;5456503.0;49.2612294623;-123.119943535;49.2612294623,-123.119943535
Zebra Crossing;491288.0;5457093.0;49.2665368345;-123.119750218;49.2665368345,-123.119750218
Zebra Crossing;493434.0;5454760.0;49.2455778294;-123.090214307;49.2455778294,-123.090214307
Zebra Crossing;495818.0;5451124.0;49.212892024;-123.057421172;49.212892024,-123.057421172
Zebra Crossing;495222.0;5457808.0;49.2730117843;-123.065684272;49.2730117843,-123.065684272
Zebra Crossing;496007.0;5452134.0;49.2219785095;-123.054836149;49.2219785095,-123.054836149
Zebra Crossing;496713.0;5451935.0;49.220192647;-123.045138974;49.220192647,-123.045138974
Zebra Crossing;496501.0;5451936.0;49.2202004679;-123.048050288;49.2202004679,-123.048050288
Zebra Crossing;496681.0;5451782.0;49.2188161981;-123.045577151;49.2188161981,-123.045577151
Zebra Crossing;498052.0;5450567.0;49.2078928254;-123.02674442;49.2078928254,-123.02674442
Zebra Crossing;497341.0;5450610.0;49.2082769501;-123.036506141;49.2082769501,-123.036506141
Zebra Crossing;497349.0;5452944.0;49.2292719498;-123.036411727;49.2292719498,-123.036411727
Zebra Crossing;497820.0;5453841.0;49.2373425469;-123.029947377;49.2373425469,-123.029947377
Zebra Crossing;497281.0;5453364.0;49.2330496577;-123.037348561;49.2330496577,-123.037348561
Zebra Crossing;498269.0;5454637.0;49.244504191;-123.023782755;49.244504191,-123.023782755
Zebra Crossing;496198.0;5455323.0;49.2506655538;-123.052243379;49.2506655538,-123.052243379
Zebra Crossing;495198.0;5456008.0;49.256820244;-123.06599261;49.256820244,-123.06599261
Zebra Crossing;495204.0;5456510.0;49.2613358839;-123.065916167;49.2613358839,-123.065916167
Zebra Crossing;494147.0;5456836.0;49.2642591165;-123.080448315;49.2642591165,-123.080448315
Zebra Crossing;497717.0;5458715.0;49.2811848209;-123.031390115;49.2811848209,-123.031390115
Zebra Crossing;497829.0;5459329.0;49.2867082637;-123.029853505;49.2867082637,-123.029853505
Zebra Crossing;496413.0;5459116.0;49.2847856225;-123.049323059;49.2847856225,-123.049323059
Zebra Crossing;496211.0;5457418.0;49.2695105899;-123.052084574;49.2695105899,-123.052084574
Zebra Crossing;495214.0;5457224.0;49.2677585324;-123.065787265;49.2677585324,-123.065787265
Zebra Crossing;494707.0;5458218.0;49.2766955661;-123.072769516;49.2766955661,-123.072769516
Zebra Crossing;493694.0;5458817.0;49.282074062;-123.086705929;49.282074062,-123.086705929
Zebra Crossing;492827.0;5458839.0;49.2822623955;-123.09862734;49.2822623955,-123.09862734
Zebra Crossing;492940.0;5458424.0;49.2785307179;-123.097066288;49.2785307179,-123.097066288
Zebra Crossing;493092.0;5457918.0;49.2739808978;-123.094967739;49.2739808978,-123.094967739
Zebra Crossing;492826.0;5457867.0;49.2735190804;-123.098623655;49.2735190804,-123.098623655
Zebra Crossing;491616.0;5457843.0;49.2732878009;-123.11525744;49.2732878009,-123.11525744
Zebra Crossing;492398.0;5458556.0;49.2797115795;-123.104520615;49.2797115795,-123.104520615
Zebra Crossing;490856.0;5459578.0;49.2888835001;-123.125745044;49.2888835001,-123.125745044
Zebra Crossing;490733.0;5459825.0;49.2911034467;-123.127442219;49.2911034467,-123.127442219
Zebra Crossing;488568.0;5460901.0;49.3007455236;-123.157246548;49.3007455236,-123.157246548
Zebra Crossing;488643.0;5460991.0;49.3015564827;-123.15621749;49.3015564827,-123.15621749
Zebra Crossing;488847.0;5461161.0;49.3030894107;-123.153416193;49.3030894107,-123.153416193
Zebra Crossing;489720.0;5461753.0;49.308429834;-123.141422835;49.308429834,-123.141422835
Zebra Crossing;489881.0;5462043.0;49.3110411036;-123.139215301;49.3110411036,-123.139215301
Zebra Crossing;490050.0;5461509.0;49.3062404936;-123.13687693;49.3062404936,-123.13687693
Zebra Crossing;490489.0;5460579.0;49.2978820268;-123.130815709;49.2978820268,-123.130815709
Zebra Crossing;490130.0;5460746.0;49.2993785174;-123.13575756;49.2993785174,-123.13575756
Zebra Crossing;490127.0;5460662.0;49.2986228786;-123.135796748;49.2986228786,-123.135796748
Zebra Crossing;490114.0;5460536.0;49.2974892827;-123.135972436;49.2974892827,-123.135972436
Zebra Crossing;489238.0;5460140.0;49.2939124091;-123.148010268;49.2939124091,-123.148010268
Zebra Crossing;490107.0;5460399.0;49.2962568371;-123.136065321;49.2962568371,-123.136065321
Zebra Crossing;490343.0;5459832.0;49.2911603732;-123.132805756;49.2911603732,-123.132805756
Zebra Crossing;490688.0;5459180.0;49.2853008955;-123.128046043;49.2853008955,-123.128046043
Zebra Crossing;489935.0;5458650.0;49.28052153;-123.13838691;49.28052153,-123.13838691
Zebra Crossing;490825.0;5457716.0;49.272134056;-123.126128623;49.272134056,-123.126128623
Zebra Crossing;490372.0;5458254.0;49.2769664879;-123.132368941;49.2769664879,-123.132368941
Zebra Crossing;490276.0;5457716.0;49.2721255712;-123.133675699;49.2721255712,-123.133675699
Zebra Crossing;490011.0;5457054.0;49.2661664972;-123.137302113;49.2661664972,-123.137302113
Zebra Crossing;489755.0;5457350.0;49.2688248326;-123.140828485;49.2688248326,-123.140828485
Zebra Crossing;488857.0;5456173.0;49.2582218108;-123.153139645;49.2582218108,-123.153139645
Zebra Crossing;489220.0;5456680.0;49.262788871;-123.148164561;49.262788871,-123.148164561
Zebra Crossing;488876.0;5456898.0;49.2647436585;-123.152898673;49.2647436585,-123.152898673
Zebra Crossing;487480.0;5456736.0;49.2632594569;-123.172081451;49.2632594569,-123.172081451
Zebra Crossing;485686.0;5457357.0;49.2688060874;-123.196761196;49.2688060874,-123.196761196
Special Crossing;486515.0;5454416.0;49.2423701388;-123.185266733;49.2423701388,-123.185266733
Special Crossing;495694.0;5452474.0;49.225034778;-123.059138247;49.225034778,-123.059138247
Special Crossing;496240.0;5454408.0;49.2424351808;-123.051657669;49.2424351808,-123.051657669
Special Crossing;496222.0;5459116.0;49.2847844716;-123.051949404;49.2847844716,-123.051949404
Parallel Lines;486988.0;5453356.0;49.2328454647;-123.17873394;49.2328454647,-123.17873394
Parallel Lines;486992.0;5453990.0;49.2385485088;-123.178699568;49.2385485088,-123.178699568
Parallel Lines;489233.0;5452910.0;49.2288771903;-123.147884572;49.2288771903,-123.147884572
Parallel Lines;491411.0;5453017.0;49.2298741037;-123.117972144;49.2298741037,-123.117972144
Parallel Lines;491102.0;5453861.0;49.2374616656;-123.12223506;49.2374616656,-123.12223506
Parallel Lines;490712.0;5454948.0;49.2472336709;-123.127617812;49.2472336709,-123.127617812
Parallel Lines;493782.0;5457512.0;49.2703362615;-123.085475665;49.2703362615,-123.085475665
Parallel Lines;494367.0;5457059.0;49.2662671104;-123.077427601;49.2662671104,-123.077427601
Parallel Lines;493509.0;5456131.0;49.2579110643;-123.089206056;49.2579110643,-123.089206056
Parallel Lines;493989.0;5453337.0;49.2327833164;-123.082567489;49.2327833164,-123.082567489
Parallel Lines;493673.0;5453344.0;49.2328430991;-123.086908191;49.2328430991,-123.086908191
Parallel Lines;495676.0;5451301.0;49.2144832024;-123.059372816;49.2144832024,-123.059372816
Parallel Lines;498283.0;5452813.0;49.2280969023;-123.023582592;49.2280969023,-123.023582592
Parallel Lines;497537.0;5451926.0;49.2201155571;-123.03382328;49.2201155571,-123.03382328
Parallel Lines;495702.0;5452960.0;49.2294065285;-123.059033584;49.2294065285,-123.059033584
Parallel Lines;496692.0;5452949.0;49.2293137293;-123.045435721;49.2293137293,-123.045435721
Parallel Lines;498014.0;5456371.0;49.2601011288;-123.027294879;49.2601011288,-123.027294879
Parallel Lines;497546.0;5457199.0;49.2675474573;-123.03373198;49.2675474573,-123.03373198
Parallel Lines;496795.0;5459331.0;49.2867217059;-123.044072091;49.2867217059,-123.044072091
Parallel Lines;495887.0;5458816.0;49.2820837584;-123.056552734;49.2820837584,-123.056552734
Parallel Lines;493827.0;5458498.0;49.2792059614;-123.08487229;49.2792059614,-123.08487229
Parallel Lines;493196.0;5458416.0;49.2784616596;-123.093546473;49.2784616596,-123.093546473
Parallel Lines;492653.0;5458634.0;49.2804163205;-123.101016035;49.2804163205,-123.101016035
Parallel Lines;492319.0;5458668.0;49.2807180501;-123.105608943;49.2807180501,-123.105608943
Parallel Lines;492004.0;5459040.0;49.2840602092;-123.109947427;49.2840602092,-123.109947427
Parallel Lines;490538.0;5460801.0;49.2998797056;-123.130147016;49.2998797056,-123.130147016
Parallel Lines;490629.0;5459549.0;49.288619202;-123.128865979;49.288619202,-123.128865979
Parallel Lines;490460.0;5459913.0;49.2918908173;-123.131198677;49.2918908173,-123.131198677
Parallel Lines;489960.0;5459903.0;49.2917928544;-123.138074646;49.2917928544,-123.138074646
Parallel Lines;489608.0;5459548.0;49.2885936963;-123.142906265;49.2885936963,-123.142906265
Parallel Lines;489639.0;5459517.0;49.2883153734;-123.142479164;49.2883153734,-123.142479164
Parallel Lines;490108.0;5458827.0;49.2821164959;-123.136012663;49.2821164959,-123.136012663
Parallel Lines;490149.0;5458323.0;49.2775836009;-123.135436509;49.2775836009,-123.135436509
Parallel Lines;491451.0;5457238.0;49.2678434359;-123.117512815;49.2678434359,-123.117512815
Parallel Lines;491783.0;5456612.0;49.262217002;-123.112936368;49.262217002,-123.112936368
Parallel Lines;491276.0;5456626.0;49.2623359131;-123.119904984;49.2623359131,-123.119904984
Parallel Lines;488523.0;5456596.0;49.2620205945;-123.157741957;49.2620205945,-123.157741957
Parallel Lines;488348.0;5456495.0;49.2611087734;-123.160144239;49.2611087734,-123.160144239
Parallel Lines;487768.0;5456625.0;49.2622668212;-123.168119654;49.2622668212,-123.168119654
Parallel Lines;487483.0;5456834.0;49.2641410442;-123.172043282;49.2641410442,-123.172043282
Parallel Lines;487340.0;5456740.0;49.2632925556;-123.174005802;49.2632925556,-123.174005802
Parallel Lines;486777.0;5457136.0;49.2668427244;-123.181757018;49.2668427244,-123.181757018
Parallel Lines;486080.0;5456968.0;49.2653160708;-123.191331747;49.2653160708,-123.191331747
Parallel Lines;485234.0;5456989.0;49.2654851275;-123.2029608;49.2654851275,-123.2029608
Zebra Crossing;486117.0;5452546.0;49.225540216;-123.190669962;49.225540216,-123.190669962
Zebra Crossing;487202.0;5453777.0;49.2366369573;-123.175807872;49.2366369573,-123.175807872
Zebra Crossing;486991.0;5453779.0;49.2366505002;-123.178706458;49.2366505002,-123.178706458
Zebra Crossing;487941.0;5454815.0;49.2459889792;-123.165687408;49.2459889792,-123.165687408
Zebra Crossing;487776.0;5455049.0;49.2480905803;-123.167961593;49.2480905803,-123.167961593
Zebra Crossing;486763.0;5455269.0;49.2500484458;-123.181887729;49.2500484458,-123.181887729
Zebra Crossing;487009.0;5455951.0;49.2561884284;-123.178529618;49.2561884284,-123.178529618
Zebra Crossing;488001.0;5456107.0;49.2576119374;-123.164901733;49.2576119374,-123.164901733
Zebra Crossing;488941.0;5453952.0;49.2382450047;-123.151923915;49.2382450047,-123.151923915
Zebra Crossing;488460.0;5453550.0;49.2346200508;-123.158520093;49.2346200508,-123.158520093
Zebra Crossing;489120.0;5452913.0;49.2289021787;-123.149436701;49.2289021787,-123.149436701
Zebra Crossing;488898.0;5451869.0;49.2195071702;-123.152456964;49.2195071702,-123.152456964
Zebra Crossing;488748.0;5451872.0;49.2195314189;-123.154516899;49.2195314189,-123.154516899
Zebra Crossing;488744.0;5451712.0;49.2180921069;-123.15456734;49.2180921069,-123.15456734
Zebra Crossing;489139.0;5451604.0;49.2171277511;-123.149140298;49.2171277511,-123.149140298
Zebra Crossing;489732.0;5450264.0;49.2050843311;-123.140963135;49.2050843311,-123.140963135
Zebra Crossing;490218.0;5450898.0;49.2107952797;-123.134306603;49.2107952797,-123.134306603
Zebra Crossing;492003.0;5451569.0;49.2168569992;-123.109812021;49.2168569992,-123.109812021
Zebra Crossing;491003.0;5454285.0;49.2412741922;-123.123604574;49.2412741922,-123.123604574
Zebra Crossing;490949.0;5456044.0;49.2570959618;-123.12438619;49.2570959618,-123.12438619
Zebra Crossing;490875.0;5456503.0;49.2612236542;-123.125413617;49.2612236542,-123.125413617
Zebra Crossing;491697.0;5457142.0;49.2669832882;-123.114129364;49.2669832882,-123.114129364
Zebra Crossing;492707.0;5456774.0;49.2636859385;-123.100239669;49.2636859385,-123.100239669
Zebra Crossing;493176.0;5455973.0;49.2564861983;-123.093779788;49.2564861983,-123.093779788
Zebra Crossing;492206.0;5455999.0;49.2567084843;-123.107110634;49.2567084843,-123.107110634
Zebra Crossing;492018.0;5456006.0;49.2567690266;-123.109694397;49.2567690266,-123.109694397
Zebra Crossing;495301.0;5450818.0;49.2101357215;-123.064516281;49.2101357215,-123.064516281
Zebra Crossing;494928.0;5451792.0;49.2188941444;-123.069649798;49.2188941444,-123.069649798
Zebra Crossing;498299.0;5450293.0;49.2054288507;-123.023352155;49.2054288507,-123.023352155
Zebra Crossing;496955.0;5450862.0;49.2105419658;-123.041807551;49.2105419658,-123.041807551
Zebra Crossing;497911.0;5451748.0;49.2185157883;-123.028686379;49.2185157883,-123.028686379
Zebra Crossing;496899.0;5452440.0;49.224736226;-123.04258862;49.224736226,-123.04258862
Zebra Crossing;495722.0;5453793.0;49.236899709;-123.058767769;49.236899709,-123.058767769
Zebra Crossing;495962.0;5453847.0;49.2373870822;-123.055471385;49.2373870822,-123.055471385
Zebra Crossing;497123.0;5454005.0;49.2388148876;-123.039523471;49.2388148876,-123.039523471
Zebra Crossing;496592.0;5454108.0;49.2397386712;-123.046819083;49.2397386712,-123.046819083
Zebra Crossing;497739.0;5455315.0;49.2506012267;-123.031068418;49.2506012267,-123.031068418
Zebra Crossing;497542.0;5455963.0;49.2564293683;-123.033779373;49.2564293683,-123.033779373
Zebra Crossing;496776.0;5455951.0;49.2563178684;-123.044306125;49.2563178684,-123.044306125
Zebra Crossing;495190.0;5455710.0;49.2541396085;-123.066098972;49.2541396085,-123.066098972
Zebra Crossing;495200.0;5456209.0;49.2586282963;-123.065967534;49.2586282963,-123.065967534
Zebra Crossing;498276.0;5456402.0;49.2603807748;-123.023694177;49.2603807748,-123.023694177
Zebra Crossing;497547.0;5457199.0;49.2675474613;-123.033718234;49.2675474613,-123.033718234
Zebra Crossing;497986.0;5457411.0;49.2694560461;-123.027684934;49.2694560461,-123.027684934
Zebra Crossing;498132.0;5459329.0;49.286709265;-123.025686941;49.286709265,-123.025686941
Zebra Crossing;497559.0;5459469.0;49.287966568;-123.03356714;49.287966568,-123.03356714
Zebra Crossing;495219.0;5457614.0;49.271266695;-123.065723196;49.271266695,-123.065723196
Zebra Crossing;495220.0;5457707.0;49.2721032551;-123.06571056;49.2721032551,-123.06571056
Zebra Crossing;495224.0;5458009.0;49.2748198314;-123.065659178;49.2748198314,-123.065659178
Zebra Crossing;495228.0;5458401.0;49.2783459722;-123.065608864;49.2783459722,-123.065608864
Zebra Crossing;495230.0;5458615.0;49.2802709549;-123.065583919;49.2802709549,-123.065583919
Zebra Crossing;494389.0;5458527.0;49.2794722384;-123.077145792;49.2794722384,-123.077145792
Zebra Crossing;494233.0;5458228.0;49.27678123;-123.079286327;49.27678123,-123.079286327
Zebra Crossing;493906.0;5458886.0;49.2826968788;-123.083792036;49.2826968788,-123.083792036
Zebra Crossing;493343.0;5458613.0;49.2802353262;-123.091528689;49.2802353262,-123.091528689
Zebra Crossing;493216.0;5458121.0;49.2758083066;-123.093266494;49.2758083066,-123.093266494
Zebra Crossing;493258.0;5457875.0;49.2735959583;-123.092684933;49.2735959583,-123.092684933
Zebra Crossing;491654.0;5459474.0;49.2879594252;-123.114769084;49.2879594252,-123.114769084
Zebra Crossing;491636.0;5459394.0;49.2872395673;-123.115014934;49.2872395673,-123.115014934
Zebra Crossing;488846.0;5461200.0;49.3034402017;-123.153431037;49.3034402017,-123.153431037
Zebra Crossing;489587.0;5462289.0;49.3132489549;-123.143266502;49.3132489549,-123.143266502
Zebra Crossing;489620.0;5461792.0;49.3087789514;-123.142799553;49.3087789514,-123.142799553
Zebra Crossing;489788.0;5462007.0;49.3107157315;-123.140493853;49.3107157315,-123.140493853
Zebra Crossing;491182.0;5460660.0;49.298621029;-123.121285895;49.298621029,-123.121285895
Zebra Crossing;490751.0;5460473.0;49.2969325663;-123.127209678;49.2969325663,-123.127209678
Zebra Crossing;490317.0;5460529.0;49.2974295683;-123.133180204;49.2974295683,-123.133180204
Zebra Crossing;490135.0;5460834.0;49.3001701689;-123.135690961;49.3001701689,-123.135690961
Zebra Crossing;490124.0;5460615.0;49.2982000593;-123.135836849;49.2982000593,-123.135836849
Zebra Crossing;489051.0;5460376.0;49.2960319356;-123.150588545;49.2960319356,-123.150588545
Zebra Crossing;489927.0;5460091.0;49.293483396;-123.138533215;49.293483396,-123.138533215
Zebra Crossing;489448.0;5459881.0;49.2915863337;-123.145115299;49.2915863337,-123.145115299
Zebra Crossing;489317.0;5459792.0;49.2907834906;-123.146914478;49.2907834906,-123.146914478
Zebra Crossing;490071.0;5459328.0;49.2866224639;-123.136533845;49.2866224639,-123.136533845
Zebra Crossing;490419.0;5459137.0;49.2849099462;-123.131743927;49.2849099462,-123.131743927
Zebra Crossing;489863.0;5458760.0;49.2815098066;-123.139379646;49.2815098066,-123.139379646
Zebra Crossing;491285.0;5457813.0;49.2730133173;-123.119807136;49.2730133173,-123.119807136
Zebra Crossing;491083.0;5457781.0;49.2727225592;-123.122583357;49.2727225592,-123.122583357
Zebra Crossing;490267.0;5458149.0;49.2760203335;-123.133809956;49.2760203335,-123.133809956
Zebra Crossing;490017.0;5457457.0;49.2697916491;-123.137229695;49.2697916491,-123.137229695
Zebra Crossing;490012.0;5457120.0;49.266760195;-123.137290015;49.266760195,-123.137290015
Zebra Crossing;489934.0;5457345.0;49.2687828295;-123.13836782;49.2687828295,-123.13836782
Zebra Crossing;489043.0;5456582.0;49.2619041986;-123.150594627;49.2619041986,-123.150594627
Zebra Crossing;488526.0;5456698.0;49.2629381583;-123.157703649;49.2629381583,-123.157703649
Zebra Crossing;487621.0;5456733.0;49.2632353415;-123.170143389;49.2632353415,-123.170143389
Zebra Crossing;487199.0;5456744.0;49.2633256013;-123.1759439;49.2633256013,-123.1759439
Zebra Crossing;486767.0;5456755.0;49.2634153536;-123.181881875;49.2634153536,-123.181881875
Zebra Crossing;486774.0;5457043.0;49.2660061102;-123.181795181;49.2660061102,-123.181795181
Zebra Crossing;485893.0;5457352.0;49.2687659222;-123.193915601;49.2687659222,-123.193915601
Zebra Crossing;485882.0;5456373.0;49.2599594156;-123.194032275;49.2599594156,-123.194032275
Zebra Crossing;485450.0;5456789.0;49.2636912752;-123.199984597;49.2636912752,-123.199984597
Zebra Crossing;484792.0;5457001.0;49.2655822374;-123.209036568;49.2655822374,-123.209036568
Zebra Crossing;485274.0;5457640.0;49.2713419281;-123.202434955;49.2713419281,-123.202434955
Zebra Crossing;485020.0;5457279.0;49.2680885138;-123.205913096;49.2680885138,-123.205913096
Zebra Crossing;484801.0;5457382.0;49.2690096087;-123.208927332;49.2690096087,-123.208927332
Zebra Crossing;484818.0;5457986.0;49.2744430903;-123.20871657;49.2744430903,-123.20871657
unmarked;492264.0;5459022.0;49.2839016427;-123.106372006;49.2839016427,-123.106372006
unmarked;492090.0;5459070.0;49.284331183;-123.108765497;49.284331183,-123.108765497
Special Crossing;496661.0;5454649.0;49.2446054733;-123.045875669;49.2446054733,-123.045875669
Parallel Lines;486104.0;5454420.0;49.2423969262;-123.190913456;49.2423969262,-123.190913456
Parallel Lines;486530.0;5456081.0;49.2573474408;-123.185116642;49.2573474408,-123.185116642
Parallel Lines;489470.0;5455092.0;49.2485088686;-123.144686716;49.2485088686,-123.144686716
Parallel Lines;489364.0;5454983.0;49.2475265587;-123.146140303;49.2475265587,-123.146140303
Parallel Lines;489238.0;5453117.0;49.2307392901;-123.147821453;49.2307392901,-123.147821453
Parallel Lines;488705.0;5453131.0;49.2308556231;-123.155142841;49.2308556231,-123.155142841
Parallel Lines;492264.0;5451665.0;49.2177238958;-123.106229917;49.2177238958,-123.106229917
Parallel Lines;490174.0;5453083.0;49.2304491882;-123.134964231;49.2304491882,-123.134964231
Parallel Lines;495067.0;5455285.0;49.2503156626;-123.067784001;49.2503156626,-123.067784001
Parallel Lines;492425.0;5454202.0;49.2405468388;-123.104067007;49.2405468388,-123.104067007
Parallel Lines;492305.0;5453220.0;49.2317120248;-123.105696741;49.2317120248,-123.105696741
Parallel Lines;493793.0;5452517.0;49.2254052576;-123.085247063;49.2254052576,-123.085247063
Parallel Lines;493619.0;5451982.0;49.220591007;-123.08762827;49.220591007,-123.08762827
Parallel Lines;493378.0;5451819.0;49.2191222214;-123.090935153;49.2191222214,-123.090935153
Parallel Lines;497640.0;5451803.0;49.2190095442;-123.032408103;49.2190095442,-123.032408103
Parallel Lines;495711.0;5453084.0;49.2305220028;-123.058911294;49.2305220028,-123.058911294
Parallel Lines;497922.0;5454640.0;49.2445300969;-123.028550313;49.2445300969,-123.028550313
Parallel Lines;496389.0;5455322.0;49.2506577155;-123.049618835;49.2506577155,-123.049618835
Parallel Lines;495419.0;5459179.0;49.2853456755;-123.062991774;49.2853456755,-123.062991774
Parallel Lines;493210.0;5458928.0;49.2830673397;-123.093362684;49.2830673397,-123.093362684
Parallel Lines;492417.0;5458977.0;49.2834987781;-123.104267367;49.2834987781,-123.104267367
Parallel Lines;490129.0;5460705.0;49.2990097013;-123.135770302;49.2990097013,-123.135770302
Parallel Lines;489608.0;5459943.0;49.2921467741;-123.142916535;49.2921467741,-123.142916535
Parallel Lines;489460.0;5459781.0;49.2906870277;-123.144947634;49.2906870277,-123.144947634
Parallel Lines;489638.0;5459293.0;49.2863004454;-123.142487109;49.2863004454,-123.142487109
Parallel Lines;489838.0;5459094.0;49.2845137704;-123.139731874;49.2845137704,-123.139731874
Parallel Lines;490481.0;5457936.0;49.2741077335;-123.130862809;49.2741077335,-123.130862809
Parallel Lines;489359.0;5457974.0;49.2744310506;-123.146288507;49.2744310506,-123.146288507
Parallel Lines;487762.0;5457503.0;49.2701644523;-123.168228968;49.2701644523,-123.168228968
Parallel Lines;487624.0;5456830.0;49.2641079331;-123.170105155;49.2641079331,-123.170105155
Parallel Lines;487050.0;5456444.0;49.2606239157;-123.177982121;49.2606239157,-123.177982121
Parallel Lines;486481.0;5456957.0;49.26522612;-123.185819623;49.26522612,-123.185819623
Parallel Lines;486114.0;5456772.0;49.2635537939;-123.190857617;49.2635537939,-123.190857617
Parallel Lines;485248.0;5457503.0;49.2701089677;-123.202787317;49.2701089677,-123.202787317
Zebra Crossing;486601.0;5451776.0;49.2186246756;-123.183996997;49.2186246756,-123.183996997
Zebra Crossing;486199.0;5453284.0;49.2321805335;-123.189569172;49.2321805335,-123.189569172
Zebra Crossing;485897.0;5453573.0;49.2347732643;-123.193727556;49.2347732643,-123.193727556
Zebra Crossing;487200.0;5453351.0;49.2328049575;-123.175821745;49.2328049575,-123.175821745
Zebra Crossing;487815.0;5453564.0;49.2347334861;-123.167380572;49.2347334861,-123.167380572
Zebra Crossing;487604.0;5453774.0;49.2366182438;-123.170285476;49.2366182438,-123.170285476
Zebra Crossing;487403.0;5453776.0;49.2366321312;-123.173046689;49.2366321312,-123.173046689
Zebra Crossing;486304.0;5454418.0;49.2423834439;-123.188165657;49.2423834439,-123.188165657
Zebra Crossing;486998.0;5454624.0;49.2442515897;-123.178637712;49.2442515897,-123.178637712
Zebra Crossing;486111.0;5455274.0;49.2500789696;-123.19084689;49.2500789696,-123.19084689
Zebra Crossing;487324.0;5456125.0;49.2577601965;-123.17420624;49.2577601965,-123.17420624
Zebra Crossing;489900.0;5456041.0;49.2570525563;-123.138802282;49.2570525563,-123.138802282
Zebra Crossing;489843.0;5453729.0;49.236254702;-123.139527006;49.236254702,-123.139527006
Zebra Crossing;489048.0;5453949.0;49.2382199428;-123.150453917;49.2382199428,-123.150453917
Zebra Crossing;488672.0;5453437.0;49.2336075507;-123.155604757;49.2336075507,-123.155604757
Zebra Crossing;488934.0;5453111.0;49.2306799002;-123.151996864;49.2306799002,-123.151996864
Zebra Crossing;489099.0;5451865.0;49.2194747993;-123.149696656;49.2194747993,-123.149696656
Zebra Crossing;489197.0;5451578.0;49.2168949002;-123.148343161;49.2168949002,-123.148343161
Zebra Crossing;490986.0;5451950.0;49.2202700705;-123.123785638;49.2202700705,-123.123785638
Zebra Crossing;490817.0;5451713.0;49.2181356856;-123.126101017;49.2181356856,-123.126101017
Zebra Crossing;490813.0;5451828.0;49.2191700796;-123.126158578;49.2191700796,-123.126158578
Zebra Crossing;491136.0;5452727.0;49.2272615655;-123.121742922;49.2272615655,-123.121742922
Zebra Crossing;491308.0;5453437.0;49.2336506486;-123.119395977;49.2336506486,-123.119395977
Zebra Crossing;491120.0;5456038.0;49.2570444967;-123.122036042;49.2570444967,-123.122036042
Zebra Crossing;490519.0;5456041.0;49.257062463;-123.130295513;49.257062463,-123.130295513
Zebra Crossing;491445.0;5456503.0;49.2612318922;-123.117579579;49.2612318922,-123.117579579
Zebra Crossing;491134.0;5456629.0;49.2623608568;-123.121856731;49.2623608568,-123.121856731
Zebra Crossing;490962.0;5456634.0;49.2624033152;-123.124220853;49.2624033152,-123.124220853
Zebra Crossing;490969.0;5456936.0;49.2651199637;-123.124131458;49.2651199637,-123.124131458
Zebra Crossing;490795.0;5456940.0;49.2651533502;-123.126523181;49.2651533502,-123.126523181
Zebra Crossing;492233.0;5456888.0;49.264705554;-123.10675683;49.264705554,-123.10675683
Zebra Crossing;493285.0;5456060.0;49.2572699871;-123.092283301;49.2572699871,-123.092283301
Zebra Crossing;492482.0;5455769.0;49.2546430421;-123.103313336;49.2546430421,-123.103313336
Zebra Crossing;492807.0;5454191.0;49.2404524996;-123.098818819;49.2404524996,-123.098818819
Zebra Crossing;492604.0;5453633.0;49.2354307422;-123.101597371;49.2354307422,-123.101597371
Zebra Crossing;492262.0;5451564.0;49.2168153492;-123.106255433;49.2168153492,-123.106255433
Zebra Crossing;494380.0;5450869.0;49.2105867257;-123.077162121;49.2105867257,-123.077162121
Zebra Crossing;495203.0;5451948.0;49.2202996212;-123.065875306;49.2202996212,-123.065875306
Zebra Crossing;493737.0;5454171.0;49.2402828172;-123.086042003;49.2402828172,-123.086042003
Zebra Crossing;496018.0;5452667.0;49.2267730552;-123.054690376;49.2267730552,-123.054690376
Zebra Crossing;498034.0;5450917.0;49.2110411185;-123.026993259;49.2110411185,-123.026993259
Zebra Crossing;497835.0;5451162.0;49.213244292;-123.029726858;49.213244292,-123.029726858
Zebra Crossing;498137.0;5451301.0;49.2144956287;-123.025580847;49.2144956287,-123.025580847
Zebra Crossing;496986.0;5451710.0;49.2181701151;-123.041388292;49.2181701151,-123.041388292
Zebra Crossing;496990.0;5451820.0;49.2191596147;-123.04133419;49.2191596147,-123.04133419
Zebra Crossing;498063.0;5452088.0;49.2215746799;-123.02660074;49.2215746799,-123.02660074
Zebra Crossing;497775.0;5452942.0;49.2292556554;-123.030560568;49.2292556554,-123.030560568
Zebra Crossing;497951.0;5453750.0;49.2365244322;-123.028147322;49.2365244322,-123.028147322
Zebra Crossing;495423.0;5454116.0;49.2398030084;-123.06287888;49.2398030084,-123.06287888
Zebra Crossing;496054.0;5454014.0;49.2388898871;-123.054209195;49.2388898871,-123.054209195
Zebra Crossing;496695.0;5454270.0;49.2411964644;-123.045405406;49.2411964644,-123.045405406
Zebra Crossing;498090.0;5455321.0;49.2506563944;-123.026245354;49.2506563944,-123.026245354
Zebra Crossing;496774.0;5455603.0;49.2531875231;-123.044330806;49.2531875231,-123.044330806
Zebra Crossing;496973.0;5455694.0;49.2540071048;-123.041596892;49.2540071048,-123.041596892
Zebra Crossing;494916.0;5456011.0;49.256844951;-123.069868096;49.256844951,-123.069868096
Zebra Crossing;498193.0;5456372.0;49.260110679;-123.024834771;49.260110679,-123.024834771
Zebra Crossing;498164.0;5457515.0;49.2703921065;-123.02523858;49.2703921065,-123.02523858
Zebra Crossing;497942.0;5459467.0;49.2879499875;-123.028300348;49.2879499875,-123.028300348
Zebra Crossing;497053.0;5459560.0;49.288782897;-123.040526012;49.288782897,-123.040526012
Zebra Crossing;495210.0;5457023.0;49.2659504673;-123.065839842;49.2659504673,-123.065839842
Zebra Crossing;495644.0;5457803.0;49.2729699606;-123.05988289;49.2729699606,-123.05988289
Zebra Crossing;495642.0;5457702.0;49.2720614326;-123.059909284;49.2720614326,-123.059909284
Zebra Crossing;493049.0;5457180.0;49.2673419674;-123.09554606;49.2673419674,-123.09554606
Zebra Crossing;493951.0;5458497.0;49.2791982059;-123.083167406;49.2791982059,-123.083167406
Zebra Crossing;493858.0;5458892.0;49.2827503693;-123.084452124;49.2827503693,-123.084452124
Zebra Crossing;493198.0;5458516.0;49.2793611987;-123.093520676;49.2793611987,-123.093520676
Zebra Crossing;492489.0;5458317.0;49.2775628599;-123.103264961;49.2775628599,-123.103264961
Zebra Crossing;492159.0;5458990.0;49.2836124597;-123.107815153;49.2836124597,-123.107815153
Zebra Crossing;488823.0;5461610.0;49.3071277747;-123.153758892;49.3071277747,-123.153758892
Zebra Crossing;489460.0;5462190.0;49.312356261;-123.145011202;49.312356261,-123.145011202
Zebra Crossing;489981.0;5461969.0;49.310377115;-123.137837667;49.310377115,-123.137837667
Zebra Crossing;490136.0;5460941.0;49.301132663;-123.135679848;49.301132663,-123.135679848
Zebra Crossing;491192.0;5460787.0;49.2997635545;-123.121151152;49.2997635545,-123.121151152
Zebra Crossing;489360.0;5460400.0;49.2962532785;-123.146339326;49.2962532785,-123.146339326
Zebra Crossing;489220.0;5459964.0;49.2923289493;-123.148253074;49.2923289493,-123.148253074
Zebra Crossing;489688.0;5460020.0;49.2928407546;-123.141818321;49.2928407546,-123.141818321
Zebra Crossing;489539.0;5459975.0;49.2924334408;-123.143866296;49.2924334408,-123.143866296
Zebra Crossing;489485.0;5459923.0;49.2919647671;-123.144607567;49.2919647671,-123.144607567
Zebra Crossing;489409.0;5459848.0;49.2912888196;-123.145650766;49.2912888196,-123.145650766
Zebra Crossing;489377.0;5459818.0;49.2910184102;-123.146090042;49.2910184102,-123.146090042
Zebra Crossing;490379.0;5459989.0;49.2925731774;-123.132314455;49.2925731774,-123.132314455
Zebra Crossing;490111.0;5459598.0;49.2890518004;-123.135990485;49.2890518004,-123.135990485
Zebra Crossing;490034.0;5459520.0;49.2883489286;-123.137047418;49.2883489286,-123.137047418
Zebra Crossing;490087.0;5459002.0;49.2836903065;-123.136305746;49.2836903065,-123.136305746
Zebra Crossing;490421.0;5457875.0;49.2735580914;-123.131686198;49.2735580914,-123.131686198
Zebra Crossing;490192.0;5457049.0;49.266124451;-123.134814093;49.266124451,-123.134814093
Zebra Crossing;490120.0;5457068.0;49.2662942003;-123.135804222;49.2662942003,-123.135804222
Zebra Crossing;490109.0;5457163.0;49.267148564;-123.135957769;49.267148564,-123.135957769
Zebra Crossing;490004.0;5457346.0;49.268792973;-123.137405624;49.268792973,-123.137405624
Zebra Crossing;489607.0;5457255.0;49.267967794;-123.142860429;49.267967794,-123.142860429
Zebra Crossing;488697.0;5456694.0;49.2629053617;-123.155353246;49.2629053617,-123.155353246
Zebra Crossing;484326.0;5456202.0;49.2583833525;-123.215410486;49.2583833525,-123.215410486
Zebra Crossing;485283.0;5457503.0;49.2701098111;-123.202306195;49.2701098111,-123.202306195
